월(Monthly),시도명,시군구,관용(승용),자가용(승용),영업용(승용),계(승용),관용(승합),자가용(승합),영업용(승합),계(승합),관용(화물),자가용(화물),영업용(화물),계(화물),관용(특수),자가용(특수),영업용(특수),계(특수),관용(총계),자가용(총계),영업용(총계),계(총계)
26-Jun,서울,강남구,156,"218,199","11,422","229,777",58,"3,612",557,"4,227",192,"13,442","2,052","15,686",16,396,147,559,422,"235,649","14,178","250,249"
26-Jun,서울,강동구,109,"145,492","4,952","150,553",41,"2,930",601,"3,572",149,"11,802","2,574","14,525",8,273,201,482,307,"160,497","8,328","169,132"
26-Jun,서울,강북구,116,"59,214","2,116","61,446",65,"1,834",710,"2,609",129,"6,410","1,224","7,763",17,138,112,267,327,"67,596","4,162","72,085"
26-Jun,서울,강서구,136,"166,615","11,053","177,804",44,"3,665","1,385","5,094",157,"15,361","4,364","19,882",18,486,258,762,355,"186,127","17,060","203,542"
26-Jun,서울,관악구,88,"98,069","3,106","101,263",44,"2,519",360,"2,923",142,"8,441","2,204","10,787",12,204,168,384,286,"109,233","5,838","115,357"
26-Jun,서울,광진구,84,"79,799","2,980","82,863",42,"1,783",330,"2,155",161,"8,229","1,451","9,841",9,137,91,237,296,"89,948","4,852","95,096"
26-Jun,서울,구로구,111,"113,518","5,520","119,149",60,"3,300",543,"3,903",128,"13,118","2,639","15,885",6,308,161,475,305,"130,244","8,863","139,412"
26-Jun,서울,금천구,57,"71,145","2,839","74,041",32,"2,178",433,"2,643",76,"10,161","2,157","12,394",13,197,89,299,178,"83,681","5,518","89,377"
26-Jun,서울,노원구,78,"127,671","5,587","133,336",50,"2,776",709,"3,535",167,"9,254","2,062","11,483",11,290,241,542,306,"139,991","8,599","148,896"
26-Jun,서울,도봉구,91,"75,406","4,534","80,031",49,"1,967",568,"2,584",126,"7,673","2,070","9,869",12,211,150,373,278,"85,257","7,322","92,857"
26-Jun,서울,동대문구,108,"90,022","2,762","92,892",63,"2,204",132,"2,399",136,"9,349","2,228","11,713",15,214,90,319,322,"101,789","5,212","107,323"
26-Jun,서울,동작구,124,"93,730","1,261","95,115",45,"1,903",130,"2,078",134,"6,092","1,089","7,315",16,165,174,355,319,"101,890","2,654","104,863"
26-Jun,서울,마포구,97,"100,858","3,887","104,842",54,"2,153",578,"2,785",174,"8,955","2,649","11,778",21,296,515,832,346,"112,262","7,629","120,237"
26-Jun,서울,서대문구,233,"77,042","3,446","80,721",101,"1,725",396,"2,222",137,"5,482","1,745","7,364",6,152,110,268,477,"84,401","5,697","90,575"
26-Jun,서울,서초구,170,"156,594","3,038","159,802",129,"2,718",636,"3,483",182,"10,164","3,976","14,322",14,280,179,473,495,"169,756","7,829","178,080"
26-Jun,서울,성동구,134,"83,884","8,115","92,133",50,"1,584",945,"2,579",177,"7,958","1,914","10,049",17,219,148,384,378,"93,645","11,122","105,145"
26-Jun,서울,성북구,97,"106,240","2,014","108,351",46,"2,383","1,071","3,500",144,"8,069","1,651","9,864",10,215,101,326,297,"116,907","4,837","122,041"
26-Jun,서울,송파구,130,"208,140","7,828","216,098",101,"3,560","1,569","5,230",157,"16,395","4,948","21,500",19,424,363,806,407,"228,519","14,708","243,634"
26-Jun,서울,양천구,126,"125,452","4,825","130,403",64,"2,660",740,"3,464",146,"10,358","2,758","13,262",7,273,414,694,343,"138,743","8,737","147,823"
26-Jun,서울,영등포구,128,"117,668","2,786","120,582",60,"3,154",201,"3,415",177,"12,356","4,376","16,909",17,459,684,"1,160",382,"133,637","8,047","142,066"
26-Jun,서울,용산구,155,"62,703","1,044","63,902",55,"1,506",72,"1,633",127,"4,401","1,083","5,611",9,144,32,185,346,"68,754","2,231","71,331"
26-Jun,서울,은평구,90,"112,856","4,127","117,073",45,"2,521",749,"3,315",141,"9,379","2,009","11,529",16,211,176,403,292,"124,967","7,061","132,320"
26-Jun,서울,종로구,"1,920","38,662",303,"40,885","1,494","1,260",252,"3,006",347,"3,499","1,727","5,573",103,100,98,301,"3,864","43,521","2,380","49,765"
26-Jun,서울,중구,294,"38,439","1,225","39,958",810,"1,585",303,"2,698",179,"4,390","1,115","5,684",27,177,88,292,"1,310","44,591","2,731","48,632"
26-Jun,서울,중랑구,79,"91,128","6,021","97,228",32,"2,551",579,"3,162",123,"10,966","2,713","13,802",13,249,318,580,247,"104,894","9,631","114,772"
26-Jun,서울,계,"4,911","2,658,546","106,791","2,770,248","3,634","60,031","14,549","78,214","3,908","231,704","58,778","294,390",432,"6,218","5,108","11,758","12,885","2,956,499","185,226","3,154,610"
26-Jun,부산,강서구,132,"74,996","1,676","76,804",80,"1,514",414,"2,008",134,"16,245","2,784","19,163",10,458,670,"1,138",356,"93,213","5,544","99,113"
26-Jun,부산,금정구,106,"64,573","2,382","67,061",60,"1,810",957,"2,827",100,"9,136","2,926","12,162",13,202,603,818,279,"75,721","6,868","82,868"
26-Jun,부산,기장군,83,"77,145",878,"78,106",47,"1,863",532,"2,442",128,"10,687","1,419","12,234",13,279,271,563,271,"89,974","3,100","93,345"
26-Jun,부산,남구,102,"83,578","2,933","86,613",53,"1,870",494,"2,417",58,"8,392","4,568","13,018",4,347,"1,485","1,836",217,"94,187","9,480","103,884"
26-Jun,부산,동구,87,"44,430","1,055","45,572",45,751,178,974,62,"3,435","2,260","5,757",5,87,"1,040","1,132",199,"48,703","4,533","53,435"
26-Jun,부산,동래구,83,"88,021","1,808","89,912",27,"1,710",342,"2,079",66,"9,519","1,629","11,214",2,224,275,501,178,"99,474","4,054","103,706"
26-Jun,부산,부산진구,139,"126,884","33,577","160,600",62,"2,433",535,"3,030",169,"12,831","2,513","15,513",10,212,571,793,380,"142,360","37,196","179,936"
26-Jun,부산,북구,122,"86,216","1,461","87,799",48,"1,875",320,"2,243",105,"11,357","1,579","13,041",11,204,258,473,286,"99,652","3,618","103,556"
26-Jun,부산,사상구,107,"65,983","2,312","68,402",52,"1,871",203,"2,126",99,"13,730","2,307","16,136",8,242,314,564,266,"81,826","5,136","87,228"
26-Jun,부산,사하구,120,"91,241","3,436","94,797",50,"2,365",269,"2,684",103,"12,405","1,995","14,503",10,235,266,511,283,"106,246","5,966","112,495"
26-Jun,부산,서구,74,"26,352",361,"26,787",30,771,18,819,41,"3,520",875,"4,436",0,71,81,152,145,"30,714","1,335","32,194"
26-Jun,부산,수영구,88,"58,313","58,683","117,084",38,"1,280",629,"1,947",82,"5,197","1,195","6,474",12,148,330,490,220,"64,938","60,837","125,995"
26-Jun,부산,연제구,381,"118,847","32,059","151,287",488,"1,621",800,"2,909",181,"8,754","2,337","11,272",30,209,712,951,"1,080","129,431","35,908","166,419"
26-Jun,부산,영도구,91,"26,035","1,262","27,388",51,856,315,"1,222",83,"3,892",381,"4,356",8,51,55,114,233,"30,834","2,013","33,080"
26-Jun,부산,중구,164,"35,784",121,"36,069",61,441,5,507,75,"1,733","5,308","7,116",14,99,"1,691","1,804",314,"38,057","7,125","45,496"
26-Jun,부산,해운대구,145,"143,444","1,947","145,536",57,"2,559",242,"2,858",124,"12,213","2,224","14,561",9,346,479,834,335,"158,562","4,892","163,789"
26-Jun,부산,계,"2,024","1,211,842","145,951","1,359,817","1,249","25,590","6,253","33,092","1,610","143,046","36,300","180,956",159,"3,414","9,101","12,674","5,042","1,383,892","197,605","1,586,539"
26-Jun,대구,군위군,48,"10,402",66,"10,516",36,356,21,413,55,"5,312",153,"5,520",3,69,19,91,142,"16,139",259,"16,540"
26-Jun,대구,남구,111,"50,632",937,"51,680",233,"1,171",109,"1,513",83,"6,137",525,"6,745",3,144,55,202,430,"58,084","1,626","60,140"
26-Jun,대구,달서구,259,"238,195","27,175","265,629",114,"4,181",727,"5,022",179,"28,266","5,443","33,888",16,654,609,"1,279",568,"271,296","33,954","305,818"
26-Jun,대구,달성군,130,"116,998","1,505","118,633",118,"2,559",495,"3,172",308,"19,222","2,805","22,335",67,445,287,799,623,"139,224","5,092","144,939"
26-Jun,대구,동구,120,"143,575","4,169","147,864",89,"2,925",728,"3,742",159,"18,908","3,907","22,974",10,505,524,"1,039",378,"165,913","9,328","175,619"
26-Jun,대구,북구,178,"169,861","2,447","172,486",123,"3,301",649,"4,073",227,"27,194","4,506","31,927",29,605,445,"1,079",557,"200,961","8,047","209,565"
26-Jun,대구,서구,99,"61,678","3,122","64,899",40,"1,496",188,"1,724",123,"10,632","1,533","12,288",9,183,113,305,271,"73,989","4,956","79,216"
26-Jun,대구,수성구,197,"194,604","2,949","197,750",181,"2,761",609,"3,551",211,"15,002","1,397","16,610",14,515,175,704,603,"212,882","5,130","218,615"
26-Jun,대구,중구,91,"49,907","1,120","51,118",69,966,313,"1,348",151,"4,153",489,"4,793",17,108,30,155,328,"55,134","1,952","57,414"
26-Jun,대구,계,"1,233","1,035,852","43,490","1,080,575","1,003","19,716","3,839","24,558","1,496","134,826","20,758","157,080",168,"3,228","2,257","5,653","3,900","1,193,622","70,344","1,267,866"
26-Jun,인천,강화군,151,"28,238","2,157","30,546",53,"1,017",268,"1,338",161,"10,877",774,"11,812",11,283,92,386,376,"40,415","3,291","44,082"
26-Jun,인천,계양구,111,"94,270","91,255","185,636",59,"2,763","1,421","4,243",113,"15,665","2,898","18,676",17,346,333,696,300,"113,044","95,907","209,251"
26-Jun,인천,남동구,374,"222,334","21,148","243,856",454,"4,329",752,"5,535",164,"27,145","3,662","30,971",29,605,490,"1,124","1,021","254,413","26,052","281,486"
26-Jun,인천,동구,42,"20,306",866,"21,214",34,771,73,878,31,"3,272","1,331","4,634",2,100,323,425,109,"24,449","2,593","27,151"
26-Jun,인천,미추홀구,195,"143,914","12,108","156,217",91,"3,601",66,"3,758",135,"16,649","5,390","22,174",19,468,852,"1,339",440,"164,632","18,416","183,488"
26-Jun,인천,부평구,143,"188,499","19,130","207,772",80,"3,782",888,"4,750",101,"18,900","3,140","22,141",9,455,291,755,333,"211,636","23,449","235,418"
26-Jun,인천,서구,233,"282,751","6,384","289,368",104,"5,604","1,482","7,190",194,"33,664","6,671","40,529",32,848,787,"1,667",563,"322,867","15,324","338,754"
26-Jun,인천,연수구,165,"217,069","5,555","222,789",90,"2,813",765,"3,668",139,"12,343","3,699","16,181",12,449,547,"1,008",406,"232,674","10,566","243,646"
26-Jun,인천,옹진군,75,"17,159","64,218","81,452",51,602,"1,008","1,661",126,"16,153",58,"16,337",3,151,14,168,255,"34,065","65,298","99,618"
26-Jun,인천,중구,344,"77,277","1,012","78,633",156,"1,720",733,"2,609",193,"8,467","8,209","16,869",18,386,"1,645","2,049",711,"87,850","11,599","100,160"
26-Jun,인천,계,"1,833","1,291,817","223,833","1,517,483","1,172","27,002","7,456","35,630","1,357","163,135","35,832","200,324",152,"4,091","5,374","9,617","4,514","1,486,045","272,495","1,763,054"
26-Jun,광주,광산구,252,"175,034","4,257","179,543",140,"3,815",400,"4,355",197,"26,167","7,943","34,307",29,805,948,"1,782",618,"205,821","13,548","219,987"
26-Jun,광주,남구,91,"84,068",859,"85,018",50,"1,696",417,"2,163",87,"8,421","1,026","9,534",11,259,173,443,239,"94,444","2,475","97,158"
26-Jun,광주,동구,94,"42,496",415,"43,005",54,834,125,"1,013",100,"4,023",406,"4,529",10,124,78,212,258,"47,477","1,024","48,759"
26-Jun,광주,북구,223,"174,992","4,054","179,269",196,"3,448",997,"4,641",220,"22,263","3,643","26,126",18,638,522,"1,178",657,"201,341","9,216","211,214"
26-Jun,광주,서구,306,"128,467","3,722","132,495",150,"2,709",336,"3,195",228,"14,635","1,737","16,600",22,436,215,673,706,"146,247","6,010","152,963"
26-Jun,광주,계,966,"605,057","13,307","619,330",590,"12,502","2,275","15,367",832,"75,509","14,755","91,096",90,"2,262","1,936","4,288","2,478","695,330","32,273","730,081"
26-Jun,대전,대덕구,86,"72,010","1,929","74,025",42,"1,788",548,"2,378",109,"13,284","3,896","17,289",10,367,443,820,247,"87,449","6,816","94,512"
26-Jun,대전,동구,93,"79,167","3,068","82,328",57,"2,057",449,"2,563",99,"12,490","1,696","14,285",13,320,224,557,262,"94,034","5,437","99,733"
26-Jun,대전,서구,317,"189,920","27,857","218,094",316,"3,666",477,"4,459",207,"18,020","2,436","20,663",32,557,467,"1,056",872,"212,163","31,237","244,272"
26-Jun,대전,유성구,127,"181,952","2,225","184,304",93,"2,793",360,"3,246",418,"15,248","2,440","18,106",28,668,307,"1,003",666,"200,661","5,332","206,659"
26-Jun,대전,중구,104,"84,779","2,318","87,201",50,"2,165",412,"2,627",76,"11,647","2,153","13,876",8,314,262,584,238,"98,905","5,145","104,288"
26-Jun,대전,계,727,"607,828","37,397","645,952",558,"12,469","2,246","15,273",909,"70,689","12,621","84,219",91,"2,226","1,703","4,020","2,285","693,212","53,967","749,464"
26-Jun,울산,남구,348,"141,468","2,799","144,615",208,"2,462",573,"3,243",244,"15,897","3,332","19,473",21,368,613,"1,002",821,"160,195","7,317","168,333"
26-Jun,울산,동구,76,"58,776",712,"59,564",42,"1,067",144,"1,253",74,"4,630",338,"5,042",7,162,64,233,199,"64,635","1,258","66,092"
26-Jun,울산,북구,101,"111,701","1,533","113,335",36,"1,849",330,"2,215",91,"11,305","1,670","13,066",10,307,347,664,238,"125,162","3,880","129,280"
26-Jun,울산,울주군,173,"111,898","1,245","113,316",93,"2,409",679,"3,181",168,"21,177","4,260","25,605",15,492,"1,035","1,542",449,"135,976","7,219","143,644"
26-Jun,울산,중구,156,"91,449","1,113","92,718",103,"1,688",297,"2,088",89,"9,735",943,"10,767",6,283,274,563,354,"103,155","2,627","106,136"
26-Jun,울산,계,854,"515,292","7,402","523,548",482,"9,475","2,023","11,980",666,"62,744","10,543","73,953",59,"1,612","2,333","4,004","2,061","589,123","22,301","613,485"
26-Jun,세종,세종특별자치시,362,"180,253","3,606","184,221",228,"2,798",624,"3,650",271,"14,682","2,037","16,990",244,650,164,"1,058","1,105","198,383","6,431","205,919"
26-Jun,세종,계,362,"180,253","3,606","184,221",228,"2,798",624,"3,650",271,"14,682","2,037","16,990",244,650,164,"1,058","1,105","198,383","6,431","205,919"
26-Jun,경기,가평군,170,"26,024",161,"26,355",76,979,147,"1,202",160,"6,574",237,"6,971",24,147,50,221,430,"33,724",595,"34,749"
26-Jun,경기,고양시 덕양구,323,"173,562","1,874","175,759",153,"3,508",474,"4,135",202,"18,535","2,789","21,526",23,474,219,716,701,"196,079","5,356","202,136"
26-Jun,경기,고양시 일산동구,110,"118,077","3,457","121,644",77,"2,158",598,"2,833",78,"13,026","2,120","15,224",14,396,166,576,279,"133,657","6,341","140,277"
26-Jun,경기,고양시 일산서구,76,"103,704","2,323","106,103",20,"1,868",559,"2,447",35,"8,833","1,509","10,377",2,228,156,386,133,"114,633","4,547","119,313"
26-Jun,경기,과천시,478,"29,677",320,"30,475",97,468,43,608,128,"1,965",600,"2,693",15,98,15,128,718,"32,208",978,"33,904"
26-Jun,경기,광명시,147,"99,930","1,579","101,656",66,"2,105",407,"2,578",113,"10,043","2,393","12,549",11,237,221,469,337,"112,315","4,600","117,252"
26-Jun,경기,광주시,213,"175,774",848,"176,835",90,"4,274","2,308","6,672",127,"30,084","5,688","35,899",17,766,370,"1,153",447,"210,898","9,214","220,559"
26-Jun,경기,구리시,105,"62,571","1,182","63,858",65,"1,347",286,"1,698",97,"8,143","1,603","9,843",12,203,143,358,279,"72,264","3,214","75,757"
26-Jun,경기,군포시,130,"85,884",811,"86,825",75,"1,790",172,"2,037",89,"8,616","3,720","12,425",12,197,237,446,306,"96,487","4,940","101,733"
26-Jun,경기,김포시,264,"203,745","3,473","207,482",104,"4,367","1,692","6,163",208,"30,508","4,626","35,342",9,758,652,"1,419",585,"239,378","10,443","250,406"
26-Jun,경기,남양주시,398,"271,794","2,158","274,350",182,"6,178","1,027","7,387",225,"41,785","6,848","48,858",29,"1,137",499,"1,665",834,"320,894","10,532","332,260"
26-Jun,경기,동두천시,105,"32,171",633,"32,909",44,"1,095",76,"1,215",81,"5,266",692,"6,039",11,125,50,186,241,"38,657","1,451","40,349"
26-Jun,경기,부천시,4,102,1,107,0,38,10,48,0,130,5,135,0,0,1,1,4,270,17,291
26-Jun,경기,부천시 소사구,47,"72,986","1,102","74,135",18,"1,834",111,"1,963",37,"7,891","1,290","9,218",1,190,170,361,103,"82,901","2,673","85,677"
26-Jun,경기,부천시 오정구,39,"51,756","1,510","53,305",31,"1,599",432,"2,062",35,"9,274","1,803","11,112",3,190,166,359,108,"62,819","3,911","66,838"
26-Jun,경기,부천시 원미구,200,"127,982","2,658","130,840",146,"3,068",562,"3,776",151,"15,061","3,360","18,572",24,375,195,594,521,"146,486","6,775","153,782"
26-Jun,경기,성남시 분당구,204,"179,770","3,837","183,811",56,"2,129","1,422","3,607",101,"7,292","1,969","9,362",8,365,140,513,369,"189,556","7,368","197,293"
26-Jun,경기,성남시 수정구,166,"73,506","1,997","75,669",63,"1,851",227,"2,141",81,"7,313","1,559","8,953",3,174,157,334,313,"82,844","3,940","87,097"
26-Jun,경기,성남시 중원구,219,"62,003","2,302","64,524",55,"1,802",308,"2,165",102,"8,342","1,613","10,057",19,187,146,352,395,"72,334","4,369","77,098"
26-Jun,경기,수원시 권선구,102,"195,639","5,352","201,093",156,"4,052","1,892","6,100",164,"19,731","3,196","23,091",27,615,538,"1,180",449,"220,037","10,978","231,464"
26-Jun,경기,수원시 영통구,259,"145,612","2,179","148,050",102,"1,805",159,"2,066",63,"6,474","1,402","7,939",2,264,125,391,426,"154,155","3,865","158,446"
26-Jun,경기,수원시 장안구,306,"98,159","1,093","99,558",132,"2,432",81,"2,645",98,"8,033","2,122","10,253",18,269,121,408,554,"108,893","3,417","112,864"
26-Jun,경기,수원시 팔달구,190,"73,926","10,904","85,020",100,"2,032",89,"2,221",93,"6,135","2,038","8,266",16,166,100,282,399,"82,259","13,131","95,789"
26-Jun,경기,시흥시,183,"229,417","1,999","231,599",103,"5,608",453,"6,164",155,"36,607","6,376","43,138",24,758,514,"1,296",465,"272,390","9,342","282,197"
26-Jun,경기,안산시 단원구,228,"139,182","15,364","154,774",134,"4,380","1,145","5,659",226,"22,903","4,044","27,173",13,473,310,796,601,"166,938","20,863","188,402"
26-Jun,경기,안산시 상록구,78,"121,762","2,015","123,855",43,"3,405",647,"4,095",34,"17,781","2,757","20,572",3,475,346,824,158,"143,423","5,765","149,346"
26-Jun,경기,안성시,185,"99,450",738,"100,373",88,"2,798",585,"3,471",137,"19,623","3,308","23,068",16,998,302,"1,316",426,"122,869","4,933","128,228"
26-Jun,경기,안양시 동안구,171,"120,756","2,098","123,025",104,"1,822",541,"2,467",129,"9,751","3,488","13,368",10,414,163,587,414,"132,743","6,290","139,447"
26-Jun,경기,안양시 만안구,93,"76,987","1,363","78,443",29,"1,903",936,"2,868",42,"8,851","1,613","10,506",0,208,129,337,164,"87,949","4,041","92,154"
26-Jun,경기,양주시,194,"123,669",756,"124,619",90,"3,437",569,"4,096",172,"20,088","3,119","23,379",13,539,259,811,469,"147,733","4,703","152,905"
26-Jun,경기,양평군,243,"54,891",439,"55,573",90,"1,498",511,"2,099",263,"12,103",903,"13,269",11,307,82,400,607,"68,799","1,935","71,341"
26-Jun,경기,여주시,198,"54,495",360,"55,053",85,"1,870",649,"2,604",212,"14,325","6,315","20,852",9,350,361,720,504,"71,040","7,685","79,229"
26-Jun,경기,연천군,97,"19,199",829,"20,125",67,660,279,"1,006",153,"6,534","4,098","10,785",8,149,489,646,325,"26,542","5,695","32,562"
26-Jun,경기,오산시,105,"115,449","1,408","116,962",60,"2,526",562,"3,148",66,"10,724","2,777","13,567",11,357,188,556,242,"129,056","4,935","134,233"
26-Jun,경기,용인시 기흥구,48,"188,300","4,005","192,353",40,"2,961",899,"3,900",46,"11,315","3,635","14,996",14,526,379,919,148,"203,102","8,918","212,168"
26-Jun,경기,용인시 수지구,24,"143,675",843,"144,542",14,"1,571",70,"1,655",21,"4,652","1,368","6,041",0,224,45,269,59,"150,122","2,326","152,507"
26-Jun,경기,용인시 처인구,439,"132,140","1,725","134,304",140,"3,499","1,611","5,250",231,"21,792","4,755","26,778",19,792,487,"1,298",829,"158,223","8,578","167,630"
26-Jun,경기,의왕시,121,"63,769",413,"64,303",89,"1,106",198,"1,393",84,"5,652","2,051","7,787",8,173,301,482,302,"70,700","2,963","73,965"
26-Jun,경기,의정부시,297,"154,512","1,816","156,625",242,"3,880",443,"4,565",201,"17,489","3,184","20,874",29,564,268,861,769,"176,445","5,711","182,925"
26-Jun,경기,이천시,229,"106,196",892,"107,317",85,"2,938",942,"3,965",134,"19,013","4,293","23,440",15,532,559,"1,106",463,"128,679","6,686","135,828"
26-Jun,경기,파주시,309,"226,225","2,262","228,796",99,"4,946","2,438","7,483",172,"31,553","6,505","38,230",24,747,302,"1,073",604,"263,471","11,507","275,582"
26-Jun,경기,평택시,400,"306,670","3,938","311,008",154,"6,956","2,228","9,338",258,"36,443","8,005","44,706",24,"1,123",970,"2,117",836,"351,192","15,141","367,169"
26-Jun,경기,포천시,198,"67,868","4,438","72,504",74,"2,443",771,"3,288",163,"20,863","2,395","23,421",19,401,356,776,454,"91,575","7,960","99,989"
26-Jun,경기,하남시,209,"123,796",975,"124,980",82,"2,171",362,"2,615",156,"14,805","2,433","17,394",11,341,161,513,458,"141,113","3,931","145,502"
26-Jun,경기,화성시,2,"1,952",90,"2,044",2,310,33,345,7,"1,541",58,"1,606",1,15,11,27,12,"3,818",192,"4,022"
26-Jun,경기,화성시 동탄구,84,"190,004",378,"190,466",24,"2,128",263,"2,415",45,"8,039","1,924","10,008",0,511,102,613,153,"200,682","2,667","203,502"
26-Jun,경기,화성시 만세구,236,"134,890",701,"135,827",113,"3,513",871,"4,497",197,"34,505","3,904","38,606",61,678,333,"1,072",607,"173,586","5,809","180,002"
26-Jun,경기,화성시 병점구,46,"74,770",899,"75,715",15,"1,385","1,215","2,615",27,"7,105","1,151","8,283",4,220,105,329,92,"83,480","3,370","86,942"
26-Jun,경기,화성시 효행구,59,"77,842",451,"78,352",66,"1,731",570,"2,367",32,"13,865","1,711","15,608",12,338,160,510,169,"93,776","2,892","96,837"
26-Jun,경기,계,"8,731","5,612,220","102,949","5,723,900","4,040","124,224","32,873","161,137","5,831","706,976","139,352","852,159",659,"19,774","12,319","32,752","19,261","6,463,194","287,493","6,769,948"
26-Jun,충북,괴산군,82,"16,707",137,"16,926",55,707,57,819,91,"7,990",274,"8,355",12,118,27,157,240,"25,522",495,"26,257"
26-Jun,충북,단양군,76,"11,258",100,"11,434",50,414,82,546,116,"4,848",402,"5,366",8,87,230,325,250,"16,607",814,"17,671"
26-Jun,충북,보은군,79,"13,224",110,"13,413",57,564,87,708,122,"6,619",424,"7,165",21,82,42,145,279,"20,489",663,"21,431"
26-Jun,충북,영동군,100,"18,091",112,"18,303",59,639,94,792,120,"8,278",181,"8,579",15,104,40,159,294,"27,112",427,"27,833"
26-Jun,충북,옥천군,79,"22,224",214,"22,517",56,773,94,923,87,"8,119",656,"8,862",11,161,91,263,233,"31,277","1,055","32,565"
26-Jun,충북,음성군,90,"52,567",297,"52,954",68,"1,992",170,"2,230",113,"14,050","1,501","15,664",17,273,141,431,288,"68,882","2,109","71,279"
26-Jun,충북,제천시,114,"56,118",698,"56,930",79,"1,547",185,"1,811",162,"13,701","1,627","15,490",13,370,842,"1,225",368,"71,736","3,352","75,456"
26-Jun,충북,증평군,35,"17,693",170,"17,898",25,493,35,553,31,"3,207",582,"3,820",9,77,45,131,100,"21,470",832,"22,402"
26-Jun,충북,진천군,78,"46,286",269,"46,633",61,"1,324",91,"1,476",86,"9,274","1,122","10,482",9,250,83,342,234,"57,134","1,565","58,933"
26-Jun,충북,청원군,1,8,0,9,0,2,0,2,0,8,0,8,0,0,0,0,1,18,0,19
26-Jun,충북,청주시 상당구,221,"87,967","1,078","89,266",102,"1,898",330,"2,330",185,"11,836","1,187","13,208",21,410,265,696,529,"102,111","2,860","105,500"
26-Jun,충북,청주시 서원구,76,"84,630","1,460","86,166",127,"1,812",839,"2,778",68,"10,733","1,869","12,670",6,351,235,592,277,"97,526","4,403","102,206"
26-Jun,충북,청주시 청원구,186,"92,040","2,706","94,932",113,"2,114",610,"2,837",132,"14,455","2,108","16,695",7,435,197,639,438,"109,044","5,621","115,103"
26-Jun,충북,청주시 흥덕구,154,"137,615","3,596","141,365",89,"2,711",746,"3,546",143,"15,852","2,513","18,508",13,592,381,986,399,"156,770","7,236","164,405"
26-Jun,충북,충주시,219,"97,102","1,252","98,573",141,"2,583",399,"3,123",259,"19,778","1,795","21,832",32,485,286,803,651,"119,948","3,732","124,331"
26-Jun,충북,계,"1,590","753,530","12,199","767,319","1,082","19,573","3,819","24,474","1,715","148,748","16,241","166,704",194,"3,795","2,905","6,894","4,581","925,646","35,164","965,391"
26-Jun,충남,계룡시,81,"23,657",64,"23,802",37,506,100,643,62,"2,209",465,"2,736",9,101,36,146,189,"26,473",665,"27,327"
26-Jun,충남,공주시,238,"42,999","1,312","44,549",118,"1,418",390,"1,926",251,"12,875",669,"13,795",31,238,132,401,638,"57,530","2,503","60,671"
26-Jun,충남,금산군,80,"21,281","3,680","25,041",41,912,228,"1,181",92,"8,625",583,"9,300",10,147,76,233,223,"30,965","4,567","35,755"
26-Jun,충남,논산시,157,"46,460",855,"47,472",87,"1,873",325,"2,285",148,"15,282","1,041","16,471",30,261,97,388,422,"63,876","2,318","66,616"
26-Jun,충남,당진시,149,"89,210",922,"90,281",71,"2,224",346,"2,641",193,"19,541","2,353","22,087",15,528,788,"1,331",428,"111,503","4,409","116,340"
26-Jun,충남,보령시,144,"40,609",575,"41,328",67,"1,260",181,"1,508",185,"12,814",513,"13,512",35,209,124,368,431,"54,892","1,393","56,716"
26-Jun,충남,부여군,109,"23,470",180,"23,759",76,979,319,"1,374",162,"11,278",398,"11,838",17,115,58,190,364,"35,842",955,"37,161"
26-Jun,충남,서산시,191,"82,690",841,"83,722",85,"2,237",491,"2,813",164,"19,065","1,911","21,140",25,435,446,906,465,"104,427","3,689","108,581"
26-Jun,충남,서천군,82,"19,815",144,"20,041",38,634,112,784,106,"7,733",431,"8,270",17,101,81,199,243,"28,283",768,"29,294"
26-Jun,충남,아산시,227,"182,616","1,856","184,699",130,"4,142",520,"4,792",200,"24,325","3,841","28,366",55,772,352,"1,179",612,"211,855","6,569","219,036"
26-Jun,충남,예산군,166,"36,047",280,"36,493",109,"1,280",310,"1,699",182,"11,557",754,"12,493",15,222,125,362,472,"49,106","1,469","51,047"
26-Jun,충남,천안시 동남구,113,"123,061","2,143","125,317",58,"3,388",710,"4,156",130,"19,475","3,018","22,623",16,689,390,"1,095",317,"146,613","6,261","153,191"
26-Jun,충남,천안시 서북구,170,"187,845","1,544","189,559",153,"3,932",897,"4,982",224,"20,828","2,727","23,779",21,698,321,"1,040",568,"213,303","5,489","219,360"
26-Jun,충남,청양군,93,"12,337",63,"12,493",60,414,61,535,129,"6,124",526,"6,779",18,85,69,172,300,"18,960",719,"19,979"
26-Jun,충남,태안군,91,"25,022",184,"25,297",43,910,119,"1,072",192,"10,864",257,"11,313",19,151,47,217,345,"36,947",607,"37,899"
26-Jun,충남,홍성군,178,"45,834",448,"46,460",92,"1,284",219,"1,595",141,"12,398",801,"13,340",29,250,126,405,440,"59,766","1,594","61,800"
26-Jun,충남,계,"2,269","1,002,953","15,091","1,020,313","1,265","27,393","5,328","33,986","2,561","214,993","20,288","237,842",362,"5,002","3,268","8,632","6,457","1,250,341","43,975","1,300,773"
26-Jun,전남,강진군,91,"12,799",150,"13,040",61,438,87,586,106,"6,615",756,"7,477",12,91,40,143,270,"19,943","1,033","21,246"
26-Jun,전남,고흥군,110,"21,801",164,"22,075",77,968,86,"1,131",140,"12,859",266,"13,265",11,143,36,190,338,"35,771",552,"36,661"
26-Jun,전남,곡성군,68,"11,836",112,"12,016",38,396,54,488,75,"5,236",405,"5,716",6,65,70,141,187,"17,533",641,"18,361"
26-Jun,전남,광양시,92,"81,006",643,"81,741",69,"1,987",289,"2,345",88,"14,782","3,520","18,390",15,559,"1,720","2,294",264,"98,334","6,172","104,770"
26-Jun,전남,구례군,61,"9,828",157,"10,046",41,361,54,456,78,"3,952",164,"4,194",5,73,17,95,185,"14,214",392,"14,791"
26-Jun,전남,나주시,147,"54,620",784,"55,551",117,"1,764",348,"2,229",226,"15,523","1,680","17,429",21,384,266,671,511,"72,291","3,078","75,880"
26-Jun,전남,담양군,81,"20,707",312,"21,100",47,690,271,"1,008",78,"7,920","1,056","9,054",15,152,150,317,221,"29,469","1,789","31,479"
26-Jun,전남,목포시,129,"80,725","2,211","83,065",113,"2,363",423,"2,899",151,"12,446","2,293","14,890",11,352,345,708,404,"95,886","5,272","101,562"
26-Jun,전남,무안군,276,"44,075",155,"44,506",196,"1,403",69,"1,668",167,"12,112",953,"13,232",23,212,140,375,662,"57,802","1,317","59,781"
26-Jun,전남,보성군,81,"14,972",164,"15,217",48,704,64,816,105,"8,126",360,"8,591",16,101,53,170,250,"23,903",641,"24,794"
26-Jun,전남,순천시,185,"127,083","1,958","129,226",124,"2,718",601,"3,443",200,"22,532","2,285","25,017",22,511,942,"1,475",531,"152,844","5,786","159,161"
26-Jun,전남,신안군,136,"16,700","118,591","135,427",68,652,"2,220","2,940",215,"9,865",375,"10,455",5,155,27,187,424,"27,372","121,213","149,009"
26-Jun,전남,여수시,210,"113,768","2,152","116,130",150,"2,862",736,"3,748",199,"21,322","3,562","25,083",18,451,824,"1,293",577,"138,403","7,274","146,254"
26-Jun,전남,영광군,79,"23,380",256,"23,715",42,715,110,867,116,"8,457",524,"9,097",8,130,57,195,245,"32,682",947,"33,874"
26-Jun,전남,영암군,96,"25,155",84,"25,335",65,"1,116",85,"1,266",115,"11,457",799,"12,371",14,214,138,366,290,"37,942","1,106","39,338"
26-Jun,전남,완도군,139,"16,585",163,"16,887",54,656,116,826,118,"9,710",206,"10,034",10,103,30,143,321,"27,054",515,"27,890"
26-Jun,전남,장성군,85,"20,612",147,"20,844",47,679,87,813,88,"8,315",918,"9,321",5,143,91,239,225,"29,749","1,243","31,217"
26-Jun,전남,장흥군,93,"13,956",74,"14,123",70,522,47,639,105,"7,133",255,"7,493",8,83,27,118,276,"21,694",403,"22,373"
26-Jun,전남,진도군,81,"11,672",94,"11,847",45,490,62,597,101,"6,442",151,"6,694",9,75,24,108,236,"18,679",331,"19,246"
26-Jun,전남,함평군,75,"12,828","5,793","18,696",47,482,123,652,92,"6,670",205,"6,967",14,93,27,134,228,"20,073","6,148","26,449"
26-Jun,전남,해남군,113,"25,825","109,396","135,334",77,"1,581",780,"2,438",146,"15,813",245,"16,204",11,141,42,194,347,"43,360","110,463","154,170"
26-Jun,전남,화순군,97,"26,452",492,"27,041",51,835,796,"1,682",110,"8,012",567,"8,689",10,155,144,309,268,"35,454","1,999","37,721"
26-Jun,전남,계,"2,525","786,385","244,052","1,032,962","1,647","24,382","7,508","33,537","2,819","235,299","21,545","259,663",269,"4,386","5,210","9,865","7,260","1,050,452","278,315","1,336,027"
26-Jun,경북,경산시,154,"120,898",913,"121,965",90,"2,797",392,"3,279",129,"22,082","2,880","25,091",17,459,400,876,390,"146,236","4,585","151,211"
26-Jun,경북,경주시,225,"122,429","1,561","124,215",137,"3,395",513,"4,045",223,"25,790","2,059","28,072",20,598,375,993,605,"152,212","4,508","157,325"
26-Jun,경북,고령군,61,"14,725",35,"14,821",31,605,55,691,76,"6,591",684,"7,351",18,87,54,159,186,"22,008",828,"23,022"
26-Jun,경북,구미시,204,"197,458","2,341","200,003",103,"4,542",815,"5,460",227,"25,705","3,618","29,550",22,735,479,"1,236",556,"228,440","7,253","236,249"
26-Jun,경북,군위군,0,16,2,18,0,4,0,4,0,15,0,15,0,0,0,0,0,35,2,37
26-Jun,경북,김천시,161,"59,650",589,"60,400",79,"1,837",280,"2,196",167,"17,894","1,179","19,240",15,272,188,475,422,"79,653","2,236","82,311"
26-Jun,경북,문경시,97,"27,510",368,"27,975",53,"1,120",117,"1,290",127,"10,373",298,"10,798",13,164,98,275,290,"39,167",881,"40,338"
26-Jun,경북,봉화군,97,"11,352",46,"11,495",50,383,47,480,90,"7,192",87,"7,369",18,63,15,96,255,"18,990",195,"19,440"
26-Jun,경북,상주시,129,"37,800",367,"38,296",81,"1,501",278,"1,860",205,"17,343","1,046","18,594",17,227,176,420,432,"56,871","1,867","59,170"
26-Jun,경북,성주군,76,"20,685",107,"20,868",40,753,47,840,88,"11,496",959,"12,543",18,155,147,320,222,"33,089","1,260","34,571"
26-Jun,경북,안동시,311,"66,663",911,"67,885",209,"1,992",305,"2,506",265,"19,627","1,253","21,145",48,391,235,674,833,"88,673","2,704","92,210"
26-Jun,경북,영덕군,75,"13,433",89,"13,597",48,586,53,687,127,"6,089",136,"6,352",20,87,30,137,270,"20,195",308,"20,773"
26-Jun,경북,영양군,65,"6,742",37,"6,844",34,271,27,332,70,"4,084",54,"4,208",8,44,6,58,177,"11,141",124,"11,442"
26-Jun,경북,영주시,124,"42,111",460,"42,695",74,"1,472",136,"1,682",152,"14,654",732,"15,538",27,262,152,441,377,"58,499","1,480","60,356"
26-Jun,경북,영천시,143,"44,876",345,"45,364",80,"1,634",232,"1,946",154,"16,084","1,519","17,757",18,267,367,652,395,"62,861","2,463","65,719"
26-Jun,경북,예천군,112,"23,556",174,"23,842",60,686,84,830,110,"8,655",208,"8,973",20,128,51,199,302,"33,025",517,"33,844"
26-Jun,경북,울릉군,60,"4,417",262,"4,739",19,251,198,468,61,"1,414",27,"1,502",10,27,4,41,150,"6,109",491,"6,750"
26-Jun,경북,울진군,132,"21,725",107,"21,964",55,589,89,733,121,"6,697",124,"6,942",24,137,42,203,332,"29,148",362,"29,842"
26-Jun,경북,의성군,87,"20,357",86,"20,530",66,819,75,960,147,"12,393",883,"13,423",11,128,100,239,311,"33,697","1,144","35,152"
26-Jun,경북,청도군,83,"18,228",156,"18,467",45,597,53,695,93,"7,973",638,"8,704",16,109,173,298,237,"26,907","1,020","28,164"
26-Jun,경북,청송군,60,"10,790",37,"10,887",60,481,45,586,88,"6,233",118,"6,439",13,66,14,93,221,"17,570",214,"18,005"
26-Jun,경북,칠곡군,109,"55,783",294,"56,186",59,"1,669",350,"2,078",113,"12,875","1,667","14,655",14,278,300,592,295,"70,605","2,611","73,511"
26-Jun,경북,포항시 남구,154,"102,408","1,474","104,036",74,"2,631",743,"3,448",215,"17,548","4,023","21,786",13,485,"1,670","2,168",456,"123,072","7,910","131,438"
26-Jun,경북,포항시 북구,167,"135,016","2,080","137,263",93,"2,699",336,"3,128",111,"18,180","1,133","19,424",30,489,292,811,401,"156,384","3,841","160,626"
26-Jun,경북,계,"2,886","1,178,628","12,841","1,194,355","1,640","33,314","5,270","40,224","3,159","296,987","25,325","325,471",430,"5,658","5,368","11,456","8,115","1,514,587","48,804","1,571,506"
26-Jun,경남,거제시,131,"97,772",976,"98,879",78,"2,502",461,"3,041",152,"11,989",539,"12,680",17,356,168,541,378,"112,619","2,144","115,141"
26-Jun,경남,거창군,106,"25,359",172,"25,637",69,806,186,"1,061",104,"9,329",256,"9,689",16,91,178,285,295,"35,585",792,"36,672"
26-Jun,경남,고성군,65,"19,856",173,"20,094",65,644,89,798,93,"7,399",215,"7,707",11,152,64,227,234,"28,051",541,"28,826"
26-Jun,경남,김해시,275,"253,802","2,207","256,284",155,"5,570",626,"6,351",246,"40,946","4,874","46,066",43,839,630,"1,512",719,"301,157","8,337","310,213"
26-Jun,경남,남해군,100,"15,458",141,"15,699",54,524,104,682,137,"6,297",152,"6,586",8,75,28,111,299,"22,354",425,"23,078"
26-Jun,경남,밀양시,112,"44,486",477,"45,075",92,"1,255",201,"1,548",111,"13,614","2,612","16,337",17,235,592,844,332,"59,590","3,882","63,804"
26-Jun,경남,사천시,107,"50,073",628,"50,808",79,"1,354",181,"1,614",140,"10,485",593,"11,218",18,204,117,339,344,"62,116","1,519","63,979"
26-Jun,경남,산청군,95,"14,152",53,"14,300",60,465,54,579,100,"7,295",468,"7,863",11,153,149,313,266,"22,065",724,"23,055"
26-Jun,경남,양산시,188,"160,281","1,026","161,495",91,"3,774",741,"4,606",157,"22,287","7,172","29,616",29,682,"1,471","2,182",465,"187,024","10,410","197,899"
26-Jun,경남,의령군,72,"10,663",45,"10,780",53,348,41,442,93,"4,556",560,"5,209",13,67,127,207,231,"15,634",773,"16,638"
26-Jun,경남,진주시,225,"145,363","2,612","148,200",167,"2,910","1,098","4,175",289,"26,481","2,403","29,173",34,549,440,"1,023",715,"175,303","6,553","182,571"
26-Jun,경남,창녕군,67,"25,446",193,"25,706",72,911,115,"1,098",95,"10,243",341,"10,679",10,157,75,242,244,"36,757",724,"37,725"
26-Jun,경남,창원시 마산합포구,153,"90,039","1,281","91,473",61,"1,683",472,"2,216",138,"10,199","1,011","11,348",15,176,152,343,367,"102,097","2,916","105,380"
26-Jun,경남,창원시 마산회원구,74,"96,612","5,708","102,394",28,"1,641",407,"2,076",53,"10,615","1,554","12,222",4,246,227,477,159,"109,114","7,896","117,169"
26-Jun,경남,창원시 성산구,255,"138,707","18,990","157,952",215,"1,885",821,"2,921",141,"10,418",972,"11,531",16,255,200,471,627,"151,265","20,983","172,875"
26-Jun,경남,창원시 의창구,257,"130,291","58,859","189,407",159,"2,043",355,"2,557",126,"17,195","1,531","18,852",20,339,352,711,562,"149,868","61,097","211,527"
26-Jun,경남,창원시 진해구,98,"87,480",729,"88,307",37,"1,680",154,"1,871",90,"7,661","1,166","8,917",12,308,323,643,237,"97,129","2,372","99,738"
26-Jun,경남,통영시,100,"43,655",657,"44,412",87,"1,463",253,"1,803",123,"8,624",370,"9,117",15,186,73,274,325,"53,928","1,353","55,606"
26-Jun,경남,하동군,59,"16,459",84,"16,602",73,495,46,614,117,"7,818",174,"8,109",17,101,86,204,266,"24,873",390,"25,529"
26-Jun,경남,함안군,87,"33,930","28,505","62,522",55,924,209,"1,188",85,"10,152",563,"10,800",7,185,232,424,234,"45,191","29,509","74,934"
26-Jun,경남,함양군,68,"16,805","22,054","38,927",55,461,176,692,114,"6,917",140,"7,171",18,94,32,144,255,"24,277","22,402","46,934"
26-Jun,경남,합천군,86,"16,150",152,"16,388",58,536,70,664,143,"8,273",400,"8,816",15,96,68,179,302,"25,055",690,"26,047"
26-Jun,경남,계,"2,780","1,532,839","145,722","1,681,341","1,863","33,874","6,860","42,597","2,847","268,793","28,066","299,706",366,"5,546","5,784","11,696","7,856","1,841,052","186,432","2,035,340"
26-Jun,제주,서귀포시,247,"77,704",924,"78,875",127,"2,630",140,"2,897",345,"26,776",695,"27,816",49,255,145,449,768,"107,365","1,904","110,037"
26-Jun,제주,제주시,618,"257,675","283,864","542,157",347,"6,538","6,378","13,263",701,"60,615","3,717","65,033",40,"1,208",547,"1,795","1,706","326,036","294,506","622,248"
26-Jun,제주,계,865,"335,379","284,788","621,032",474,"9,168","6,518","16,160","1,046","87,391","4,412","92,849",89,"1,463",692,"2,244","2,474","433,401","296,410","732,285"
26-Jun,강원,강릉시,183,"95,211","2,150","97,544",141,"2,298",495,"2,934",266,"17,727","1,411","19,404",46,436,386,868,636,"115,672","4,442","120,750"
26-Jun,강원,고성군,57,"12,468",114,"12,639",41,404,36,481,104,"3,972",106,"4,182",6,70,31,107,208,"16,914",287,"17,409"
26-Jun,강원,동해시,128,"39,908",710,"40,746",83,"1,092",166,"1,341",123,"6,893",515,"7,531",11,189,186,386,345,"48,082","1,577","50,004"
26-Jun,강원,삼척시,124,"26,750",472,"27,346",98,707,117,922,184,"6,682",192,"7,058",14,164,46,224,420,"34,303",827,"35,550"
26-Jun,강원,속초시,123,"34,161",797,"35,081",90,980,138,"1,208",125,"5,198",322,"5,645",10,155,85,250,348,"40,494","1,342","42,184"
26-Jun,강원,양구군,55,"9,128",65,"9,248",54,272,35,361,116,"3,340",57,"3,513",11,54,20,85,236,"12,794",177,"13,207"
26-Jun,강원,양양군,48,"12,726",190,"12,964",37,364,26,427,133,"4,057",69,"4,259",17,87,21,125,235,"17,234",306,"17,775"
26-Jun,강원,영월군,132,"15,116",149,"15,397",82,570,56,708,126,"6,190",139,"6,455",14,129,59,202,354,"22,005",403,"22,762"
26-Jun,강원,원주시,233,"166,273","2,543","169,049",154,"3,872",494,"4,520",232,"26,418","2,325","28,975",31,783,357,"1,171",650,"197,346","5,719","203,715"
26-Jun,강원,인제군,58,"14,935",84,"15,077",52,420,57,529,126,"5,006",121,"5,253",15,96,30,141,251,"20,457",292,"21,000"
26-Jun,강원,정선군,117,"15,789",220,"16,126",101,492,78,671,146,"6,203",161,"6,510",28,128,35,191,392,"22,612",494,"23,498"
26-Jun,강원,철원군,60,"17,450",188,"17,698",68,583,51,702,142,"6,988",136,"7,266",19,97,22,138,289,"25,118",397,"25,804"
26-Jun,강원,춘천시,343,"123,743","2,277","126,363",263,"2,839",604,"3,706",267,"18,320","2,832","21,419",32,556,414,"1,002",905,"145,458","6,127","152,490"
26-Jun,강원,태백시,74,"16,041",355,"16,470",56,552,122,730,123,"3,283",139,"3,545",16,121,49,186,269,"19,997",665,"20,931"
26-Jun,강원,평창군,109,"17,982",208,"18,299",76,683,73,832,119,"8,667",132,"8,918",25,105,46,176,329,"27,437",459,"28,225"
26-Jun,강원,홍천군,138,"28,658",298,"29,094",115,"1,064",268,"1,447",185,"11,678",460,"12,323",26,186,66,278,464,"41,586","1,092","43,142"
26-Jun,강원,화천군,60,"10,180",54,"10,294",59,254,35,348,101,"3,311",47,"3,459",10,60,24,94,230,"13,805",160,"14,195"
26-Jun,강원,횡성군,89,"20,025",511,"20,625",64,771,85,920,127,"8,730",268,"9,125",12,151,51,214,292,"29,677",915,"30,884"
26-Jun,강원,계,"2,131","676,544","11,385","690,060","1,634","18,217","2,936","22,787","2,745","152,663","9,432","164,840",343,"3,567","1,928","5,838","6,853","850,991","25,681","883,525"
26-Jun,전북,고창군,120,"20,760",160,"21,040",65,"1,204",93,"1,362",156,"10,673",306,"11,135",15,126,62,203,356,"32,763",621,"33,740"
26-Jun,전북,군산시,211,"119,138","1,900","121,249",126,"2,697",509,"3,332",213,"19,200","3,318","22,731",22,551,718,"1,291",572,"141,586","6,445","148,603"
26-Jun,전북,김제시,134,"36,313",490,"36,937",60,"1,406",149,"1,615",151,"13,999","1,062","15,212",8,291,159,458,353,"52,009","1,860","54,222"
26-Jun,전북,남원시,138,"30,167",376,"30,681",107,"1,067",159,"1,333",188,"12,402",463,"13,053",24,201,77,302,457,"43,837","1,075","45,369"
26-Jun,전북,무주군,73,"9,556",56,"9,685",39,431,52,522,103,"4,506",247,"4,856",9,49,38,96,224,"14,542",393,"15,159"
26-Jun,전북,부안군,103,"19,293",172,"19,568",64,739,113,916,141,"8,736",265,"9,142",15,128,55,198,323,"28,896",605,"29,824"
26-Jun,전북,순창군,74,"11,463",84,"11,621",58,374,19,451,101,"5,380",63,"5,544",10,49,21,80,243,"17,266",187,"17,696"
26-Jun,전북,완주군,136,"48,951",227,"49,314",110,"1,472",414,"1,996",219,"12,496","2,415","15,130",30,270,227,527,495,"63,189","3,283","66,967"
26-Jun,전북,익산시,207,"117,656","1,799","119,662",133,"3,508",482,"4,123",213,"24,043","3,146","27,402",18,504,422,944,571,"145,711","5,849","152,131"
26-Jun,전북,임실군,84,"10,103",54,"10,241",61,389,65,515,121,"4,938",278,"5,337",9,65,23,97,275,"15,495",420,"16,190"
26-Jun,전북,장수군,78,"8,553",33,"8,664",42,311,21,374,114,"4,529",93,"4,736",7,56,23,86,241,"13,449",170,"13,860"
26-Jun,전북,전주시 덕진구,166,"149,347","2,974","152,487",94,"3,050",918,"4,062",151,"18,729","2,625","21,505",13,593,402,"1,008",424,"171,719","6,919","179,062"
26-Jun,전북,전주시 완산구,352,"136,126","1,974","138,452",217,"2,735",548,"3,500",209,"15,413","1,592","17,214",21,395,258,674,799,"154,669","4,372","159,840"
26-Jun,전북,정읍시,115,"42,576",633,"43,324",106,"1,456",197,"1,759",165,"14,942",916,"16,023",10,281,122,413,396,"59,255","1,868","61,519"
26-Jun,전북,진안군,121,"10,252",68,"10,441",50,385,94,529,113,"5,082",102,"5,297",18,64,15,97,302,"15,783",279,"16,364"
26-Jun,전북,계,"2,112","770,254","11,000","783,366","1,332","21,224","3,833","26,389","2,358","175,068","16,891","194,317",229,"3,623","2,622","6,474","6,031","970,169","34,346","1,010,546"
