구분,시도,용도,차종,유종,일평균주행거리
1,경기,비사업용,화물차 일반형,경유,32.18947368
2,강원,사업용,화물차 일반형,경유,20.77534247
3,서울,비사업용,승용차 일반형,휘발유,44.56190476
4,서울,비사업용,승용차 일반형,기타,3.054576995
5,충북,비사업용,승용차 일반형,휘발유,6.110309867
6,전남,비사업용,특수차 견인형,경유,1.395939086
7,경기,비사업용,특수차 견인형,경유,1.184
8,전북,비사업용,승용차 기타형,경유,43.98744632
9,서울,비사업용,특수차 특수작업형,경유,0.873994638
10,서울,비사업용,승용차 일반형,휘발유,11.12307692
11,경북,사업용,특수차 특수작업형,경유,13.59103641
12,부산,비사업용,승용차 일반형,휘발유,10.53733985
13,대구,비사업용,승용차 일반형,휘발유,9.626573427
14,경남,비사업용,화물차 특수용도형,경유,1.316326531
15,경기,비사업용,화물차 특수용도형,경유,0.391644909
16,제주,비사업용,승용차 일반형,휘발유,18.67375949
17,강원,비사업용,승합차 일반형,LPG,2.856948229
18,전남,비사업용,화물차 특수용도형,경유,11.72086721
19,광주,비사업용,승용차 일반형,휘발유,13.36176066
20,서울,비사업용,승용차 일반형,휘발유,36.30795487
21,충북,비사업용,승용차 일반형,휘발유,31.8931582
22,강원,비사업용,화물차 특수용도형,경유,1.798882682
23,강원,비사업용,화물차 특수용도형,경유,23.75452196
24,충북,비사업용,화물차 특수용도형,경유,0.712328767
25,강원,비사업용,화물차 특수용도형,경유,0.964959569
26,부산,비사업용,승용차 일반형,휘발유,7.471724138
27,경기,비사업용,승용차 일반형,휘발유,41.59511568
28,서울,비사업용,승용차 일반형,휘발유,5.946475196
29,서울,비사업용,승용차 일반형,휘발유,19.675
30,서울,비사업용,승용차 일반형,휘발유,7.667142857
31,경기,비사업용,승용차 일반형,휘발유,7.697084918
32,부산,비사업용,승용차 일반형,휘발유,12.04281768
33,서울,비사업용,승용차 일반형,휘발유,6.050824176
34,경기,비사업용,승용차 일반형,휘발유,6.608409987
35,서울,비사업용,승용차 일반형,휘발유,34.84882108
36,서울,비사업용,승용차 일반형,휘발유,9.810554804
37,경기,비사업용,승용차 일반형,휘발유,69.01170351
38,서울,비사업용,승용차 일반형,휘발유,8.813953488
39,서울,비사업용,승용차 일반형,휘발유,7.060191518
40,서울,비사업용,승용차 기타형,휘발유,16.27330779
41,서울,비사업용,승용차 다목적형,휘발유,7.918918919
42,경기,비사업용,화물차 특수용도형,경유,1.077142857
43,경기,비사업용,승용차 일반형,휘발유,20.61569689
44,경기,비사업용,승용차 일반형,휘발유,34.49755955
45,서울,비사업용,승용차 일반형,휘발유,6.891361257
46,서울,비사업용,승용차 일반형,휘발유,9.384615385
47,대구,비사업용,승용차 일반형,휘발유,5.322404372
48,경기,비사업용,승용차 일반형,휘발유,25.14540816
49,경기,비사업용,승용차 일반형,휘발유,6.909712722
50,경기,비사업용,승용차 일반형,휘발유,11.49932886
51,대구,비사업용,승용차 일반형,휘발유,9.210866753
52,경기,비사업용,승용차 일반형,휘발유,11.88186813
53,경기,비사업용,승용차 일반형,휘발유,22.22411533
54,서울,비사업용,승용차 일반형,휘발유,7.651785714
55,경기,비사업용,승용차 일반형,휘발유,5.44972067
56,경기,비사업용,승용차 일반형,휘발유,55.86736021
57,서울,비사업용,승용차 다목적형,휘발유,7.50879567
58,경기,비사업용,승용차 일반형,휘발유,11.51450189
59,서울,비사업용,승용차 일반형,휘발유,7.457489879
60,대전,비사업용,승용차 기타형,휘발유,6.297587131
61,경남,비사업용,화물차 특수용도형,경유,27.99204244
62,충남,비사업용,특수차 구난형,경유,0.209677419
63,부산,비사업용,특수차 구난형,경유,0.433802817
64,충남,사업용,특수차 구난형,경유,5.06043956
65,충북,비사업용,화물차 일반형,경유,23.89548023
66,울산,비사업용,화물차 일반형,경유,5.75900277
67,강원,비사업용,화물차 일반형,경유,16.05135135
68,경북,비사업용,승용차 일반형,휘발유,9.124301676
69,울산,비사업용,특수차 특수작업형,경유,1.925824176
70,서울,비사업용,승합차 일반형,휘발유,2.744279946
71,전남,비사업용,화물차 특수용도형,경유,7.615789474
72,전북,사업용,화물차 특수용도형,경유,14.66391185
73,울산,비사업용,화물차 특수용도형,경유,2.052631579
74,강원,사업용,화물차 특수용도형,경유,128.6005587
75,강원,비사업용,화물차 특수용도형,경유,0.151785714
76,경기,사업용,특수차 구난형,경유,5.15920398
77,강원,사업용,특수차 특수작업형,경유,8.906849315
78,경기,비사업용,화물차 밴형,경유,5.139737171
79,전북,사업용,특수차 특수작업형,경유,19.04069767
80,충북,사업용,특수차 구난형,경유,7.332089552
81,전북,사업용,특수차 특수작업형,경유,5.662686567
82,전북,사업용,특수차 구난형,경유,3.693627451
83,전북,비사업용,화물차 특수용도형,경유,1.805327869
84,전북,비사업용,화물차 일반형,경유,0.923076923
85,전북,사업용,특수차 특수작업형,경유,5.853403141
86,강원,사업용,화물차 덤프형,경유,36.45697329
87,경기,비사업용,특수차 견인형,경유,4.514211886
88,충남,사업용,화물차 특수용도형,경유,19.77453581
89,전북,비사업용,특수차 특수작업형,경유,17.92302781
90,경기,사업용,특수차 특수작업형,경유,11.43116883
91,울산,사업용,특수차 특수작업형,경유,24.38438438
92,경남,비사업용,승합차 특수용도형,경유,0.18630137
93,경남,비사업용,화물차 특수용도형,경유,0.707988981
94,강원,비사업용,화물차 일반형,경유,24.93922652
95,대전,비사업용,특수차 특수작업형,경유,23.52800512
96,전북,사업용,특수차 구난형,경유,12.17746479
97,인천,비사업용,화물차 일반형,LPG,4.918918919
98,서울,비사업용,승용차 일반형,휘발유,1.451008646
99,전북,사업용,특수차 특수작업형,경유,33.11263736
100,경북,사업용,특수차 특수작업형,경유,9.051813472
101,전북,사업용,특수차 특수작업형,경유,5.126373626
102,충남,비사업용,화물차 일반형,휘발유,32.0136612
103,경기,비사업용,화물차 일반형,휘발유,10.85508689
104,인천,비사업용,승용차 기타형,휘발유,6.46866485
105,경남,사업용,특수차 특수작업형,경유,49.2884097
106,서울,비사업용,승용차 일반형,휘발유,8.863636364
107,경기,비사업용,승용차 일반형,휘발유,27.72701556
108,광주,비사업용,승용차 일반형,휘발유,6.816107383
109,경기,비사업용,승용차 일반형,휘발유,61.46732955
110,경기,비사업용,승용차 일반형,휘발유,26.20451694
111,충남,비사업용,승용차 일반형,휘발유,13.57243618
112,경기,비사업용,승용차 일반형,휘발유,41.00518807
113,강원,비사업용,화물차 특수용도형,경유,13.95286885
114,서울,비사업용,승용차 일반형,휘발유,15.39089692
115,서울,비사업용,승용차 일반형,휘발유,5.163804491
116,서울,비사업용,승용차 일반형,휘발유,12.71563342
117,서울,비사업용,승용차 일반형,휘발유,7.078431373
118,경기,비사업용,승용차 일반형,휘발유,56.15220294
119,전북,비사업용,승용차 일반형,휘발유,17.02486911
120,서울,비사업용,승용차 일반형,휘발유,12.16032609
121,서울,비사업용,승용차 일반형,휘발유,15.77209945
122,서울,비사업용,승용차 일반형,경유,12.36657682
123,경기,비사업용,승용차 일반형,휘발유,27.0853342
124,경기,비사업용,승용차 일반형,휘발유,9.456492637
125,부산,비사업용,승용차 일반형,휘발유,11.36808237
126,경남,비사업용,승용차 일반형,휘발유,19.72237197
127,경기,비사업용,승용차 일반형,휘발유,53.18951613
128,서울,비사업용,승용차 일반형,휘발유,20.69060773
129,경기,비사업용,승용차 일반형,휘발유,10.60589812
130,전북,비사업용,승용차 일반형,휘발유,10.88227147
131,대전,비사업용,승용차 일반형,휘발유,27.46787709
132,서울,비사업용,승용차 일반형,휘발유,8.426778243
133,울산,비사업용,승용차 일반형,휘발유,27.98809524
134,서울,비사업용,승용차 일반형,휘발유,7.24327957
135,대구,비사업용,승용차 일반형,휘발유,49.39163916
136,부산,비사업용,승용차 일반형,휘발유,5.87004104
137,경기,비사업용,승용차 일반형,휘발유,24.2911726
138,경기,비사업용,승용차 일반형,휘발유,21.40425532
139,경남,비사업용,승용차 일반형,휘발유,19.6630137
140,인천,비사업용,승용차 일반형,휘발유,39.85913529
141,충북,비사업용,승용차 일반형,휘발유,15.5802139
142,인천,비사업용,승용차 일반형,휘발유,6.371584699
143,서울,비사업용,승용차 일반형,휘발유,10.62582345
144,서울,비사업용,승용차 일반형,휘발유,16.92777778
145,경기,비사업용,승용차 일반형,휘발유,30.16942149
146,경기,비사업용,승용차 일반형,휘발유,38.45081967
147,강원,비사업용,승용차 일반형,휘발유,11.70121131
148,서울,비사업용,승용차 일반형,휘발유,20.52997275
149,경기,비사업용,승용차 일반형,휘발유,34.96137931
150,경기,비사업용,승용차 일반형,휘발유,12.00919842
151,대구,비사업용,승용차 일반형,휘발유,11.36266667
152,경기,비사업용,승용차 일반형,휘발유,8.386083053
153,경기,비사업용,승용차 기타형,휘발유,18.85390071
154,경기,비사업용,승합차 특수용도형,경유,2.116402116
155,경기,비사업용,승합차 특수용도형,경유,22.75146199
156,경기,비사업용,승합차 특수용도형,경유,31.35924933
157,경기,비사업용,승합차 특수용도형,경유,63.56338028
158,충북,비사업용,화물차 특수용도형,경유,12.05865922
159,전북,비사업용,화물차 특수용도형,경유,8.457711443
160,충남,비사업용,화물차 특수용도형,경유,0.199453552
161,광주,비사업용,화물차 특수용도형,경유,11.30810811
162,서울,비사업용,화물차 특수용도형,경유,0.435616438
163,서울,비사업용,화물차 특수용도형,경유,5.452316076
164,경기,비사업용,특수차 구난형,경유,11.93665158
165,전북,비사업용,특수차 구난형,경유,44.64145658
166,부산,비사업용,특수차 구난형,경유,60.90340909
167,전북,사업용,특수차 구난형,경유,4.117788462
168,경북,비사업용,특수차 구난형,경유,0.970930233
169,전북,비사업용,특수차 구난형,경유,2.098321343
170,강원,비사업용,특수차 구난형,경유,0.091286307
171,서울,비사업용,특수차 특수작업형,경유,0.291044776
172,경기,비사업용,승용차 일반형,휘발유,28.20380435
173,경기,비사업용,승용차 일반형,휘발유,30.75635877
174,서울,비사업용,승용차 일반형,휘발유,13.33760684
175,서울,비사업용,승용차 일반형,휘발유,36.36973684
176,서울,비사업용,승용차 일반형,휘발유,17.78968792
177,경기,비사업용,승용차 일반형,휘발유,32.48821082
178,서울,비사업용,승용차 일반형,휘발유,18.43708609
179,충남,비사업용,승용차 일반형,휘발유,11.37103448
180,부산,비사업용,승용차 일반형,휘발유,7.716850829
181,경기,비사업용,승용차 일반형,휘발유,47.66842105
182,인천,비사업용,승용차 일반형,휘발유,6.343124166
183,서울,비사업용,승용차 일반형,휘발유,8.813229572
184,대전,비사업용,승용차 일반형,휘발유,28.00820793
185,경기,비사업용,승용차 일반형,휘발유,41.80998613
186,경북,비사업용,승용차 일반형,휘발유,46.72242875
187,제주,비사업용,승용차 일반형,휘발유,8.23655914
188,경기,비사업용,승용차 일반형,휘발유,26.74029451
189,충남,비사업용,승용차 일반형,휘발유,9.185806452
190,대구,비사업용,승용차 일반형,휘발유,7.110803324
191,부산,비사업용,승용차 일반형,휘발유,15.41086351
192,경기,비사업용,승용차 일반형,경유,42.76184032
193,경기,비사업용,승용차 일반형,휘발유,9.362193362
194,서울,비사업용,승용차 일반형,휘발유,17.60335917
195,경북,비사업용,화물차 덤프형,경유,19.12661499
196,충북,비사업용,화물차 덤프형,경유,17.35955056
197,충남,비사업용,화물차 덤프형,경유,8.005089059
198,경기,사업용,화물차 덤프형,경유,32.26415094
199,충남,비사업용,화물차 덤프형,경유,48.20218579
200,서울,사업용,화물차 덤프형,경유,39.13649025
201,서울,사업용,화물차 덤프형,경유,46.136
202,충북,비사업용,화물차 덤프형,경유,22.50958904
203,경기,비사업용,화물차 덤프형,경유,10.74160207
204,강원,비사업용,화물차 덤프형,경유,45.54135338
205,경기,비사업용,화물차 덤프형,경유,12.63561077
206,서울,사업용,화물차 덤프형,경유,46.67455621
207,서울,사업용,화물차 덤프형,경유,35.97619048
208,대구,비사업용,화물차 덤프형,경유,6.165467626
209,전남,비사업용,화물차 특수용도형,경유,2.388101983
210,경기,비사업용,화물차 특수용도형,경유,2.367924528
211,경북,비사업용,화물차 특수용도형,경유,4.087591241
212,서울,비사업용,화물차 특수용도형,경유,0.103448276
213,부산,비사업용,화물차 특수용도형,경유,1.734375
214,경기,비사업용,화물차 특수용도형,경유,10.85117493
215,충북,비사업용,화물차 특수용도형,경유,12.07100592
216,경기,비사업용,화물차 특수용도형,경유,4.410526316
217,경기,비사업용,특수차 구난형,LPG,3.448680352
218,경기,비사업용,특수차 구난형,경유,48.33333333
219,서울,비사업용,특수차 견인형,경유,45.02970297
220,경남,비사업용,특수차 특수작업형,경유,2.046783626
221,서울,비사업용,특수차 특수작업형,경유,4.798295455
222,경기,비사업용,승용차 일반형,휘발유,18.05426357
223,경기,비사업용,승용차 일반형,휘발유,30.19111709
224,전남,비사업용,승용차 일반형,휘발유,51.68551724
225,서울,비사업용,승용차 일반형,휘발유,6.270635995
226,충남,비사업용,승용차 일반형,휘발유,24.16055626
227,경기,비사업용,승용차 일반형,휘발유,13.90621039
228,경기,비사업용,승용차 일반형,휘발유,30.18659035
229,서울,비사업용,승용차 일반형,휘발유,41.06232687
230,충남,비사업용,승용차 일반형,휘발유,9.535956581
231,경기,비사업용,승용차 일반형,휘발유,33.06388527
232,경기,비사업용,승용차 일반형,휘발유,28.37325905
233,경기,비사업용,승용차 일반형,휘발유,49.43053645
234,서울,비사업용,승용차 일반형,휘발유,14.48089592
235,충북,비사업용,승용차 일반형,휘발유,35.43920596
236,울산,비사업용,승용차 일반형,휘발유,15.76839237
237,서울,비사업용,승용차 일반형,휘발유,10.57988981
238,부산,비사업용,승용차 일반형,휘발유,16.21757322
239,강원,비사업용,승용차 일반형,휘발유,8.788732394
240,경남,비사업용,승용차 일반형,휘발유,22.84456671
241,경남,비사업용,승용차 일반형,휘발유,46.60625748
242,경남,비사업용,승용차 일반형,휘발유,85.18052014
243,서울,비사업용,승용차 일반형,휘발유,8
244,서울,비사업용,승용차 일반형,휘발유,7.416993464
245,경기,비사업용,승용차 일반형,휘발유,20.23172414
246,경기,비사업용,승용차 일반형,휘발유,39.56808803
247,서울,비사업용,승용차 일반형,휘발유,13.31733333
248,서울,비사업용,승용차 일반형,휘발유,7.35131397
249,서울,비사업용,승용차 일반형,휘발유,50.41392904
250,경기,비사업용,승용차 일반형,휘발유,87.15994437
251,인천,비사업용,승용차 다목적형,경유,40.30705996
252,경남,비사업용,승용차 다목적형,휘발유,51.45020464
253,서울,비사업용,승합차 특수용도형,경유,20.25407166
254,부산,비사업용,승합차 특수용도형,경유,14.34146341
255,경기,비사업용,승합차 특수용도형,경유,11.22432432
256,전남,비사업용,승합차 특수용도형,경유,78.02263374
257,충남,비사업용,승합차 특수용도형,경유,12.57412399
258,전북,비사업용,화물차 특수용도형,경유,9.264864865
259,충남,비사업용,화물차 특수용도형,경유,0.416201117
260,경기,비사업용,특수차 구난형,경유,2.757425743
261,제주,비사업용,특수차 특수작업형,경유,5.422604423
262,인천,비사업용,특수차 특수작업형,경유,6.235924933
263,전남,비사업용,승용차 일반형,휘발유,18.20249653
264,강원,비사업용,승용차 일반형,휘발유,20.21805556
265,경북,비사업용,승용차 일반형,휘발유,13.66852368
266,대구,비사업용,승용차 일반형,휘발유,36.4216641
267,대구,비사업용,승용차 일반형,휘발유,34.06712329
268,경기,비사업용,승용차 일반형,휘발유,79.59699454
269,서울,비사업용,승용차 일반형,휘발유,78.18865435
270,경기,비사업용,승용차 일반형,휘발유,1.703038674
271,전북,사업용,특수차 특수작업형,경유,4.856749311
272,경기,비사업용,화물차 밴형,경유,2.221105528
273,인천,비사업용,승용차 일반형,휘발유,8.180306905
274,부산,비사업용,승용차 일반형,휘발유,8.552201258
275,인천,비사업용,승용차 일반형,휘발유,14.09765625
276,대구,비사업용,승용차 일반형,휘발유,17.67489115
277,경기,비사업용,승용차 일반형,경유,9.032581454
278,서울,비사업용,승용차 일반형,휘발유,6.9375
279,경기,비사업용,승용차 일반형,휘발유,5.260183968
280,경기,비사업용,승용차 일반형,휘발유,31.78598248
281,경기,비사업용,화물차 특수용도형,경유,0.123411978
282,서울,비사업용,승용차 일반형,휘발유,23.11558442
283,경남,비사업용,승용차 일반형,경유,23.73844294
284,경기,비사업용,승용차 일반형,휘발유,23.75471698
285,경기,비사업용,승용차 일반형,휘발유,14.64808644
286,서울,비사업용,승용차 일반형,휘발유,7.165311653
287,서울,비사업용,승용차 일반형,휘발유,30.89790576
288,제주,비사업용,승용차 일반형,휘발유,2.170698925
289,경기,비사업용,승용차 일반형,휘발유,32.26008458
290,경기,비사업용,승용차 일반형,휘발유,42.53896104
291,충북,비사업용,승용차 일반형,휘발유,11.53324288
292,경기,비사업용,승용차 일반형,휘발유,11.20867209
293,경남,비사업용,승용차 일반형,휘발유,12.44292283
294,경남,비사업용,승용차 일반형,휘발유,18.88830486
295,서울,비사업용,승용차 일반형,휘발유,25.14266118
296,서울,비사업용,승용차 일반형,휘발유,24.42668636
297,제주,비사업용,승용차 일반형,휘발유,12.19128329
298,서울,비사업용,승용차 일반형,휘발유,5.604249668
299,부산,비사업용,승용차 일반형,휘발유,11.14907652
300,경북,비사업용,승용차 일반형,휘발유,15.09899203
301,경기,비사업용,승용차 일반형,휘발유,14.06903903
302,인천,비사업용,승용차 일반형,휘발유,12.5008378
303,서울,비사업용,승용차 일반형,휘발유,18.81596486
304,경기,비사업용,승용차 기타형,휘발유,9.065288357
305,충남,비사업용,승용차 다목적형,휘발유,20.9492635
306,부산,비사업용,화물차 특수용도형,경유,3.966911765
307,인천,비사업용,화물차 특수용도형,경유,0.660167131
308,강원,비사업용,화물차 특수용도형,경유,1.697547684
309,경기,비사업용,화물차 특수용도형,경유,0.550408719
310,강원,비사업용,화물차 특수용도형,경유,2.823717949
311,인천,비사업용,화물차 특수용도형,경유,1.250696379
312,강원,비사업용,화물차 특수용도형,경유,2.549763033
313,강원,비사업용,화물차 특수용도형,경유,0.122994652
314,전북,비사업용,화물차 특수용도형,경유,0.520408163
315,충북,비사업용,화물차 특수용도형,경유,0.433802817
316,부산,비사업용,화물차 특수용도형,경유,78.68324607
317,경기,비사업용,승용차 일반형,휘발유,4.058238636
318,경기,비사업용,승용차 일반형,휘발유,11.49083216
319,경기,비사업용,승용차 일반형,휘발유,8.155433287
320,충남,비사업용,승용차 일반형,휘발유,11.99732977
321,경기,비사업용,승용차 일반형,휘발유,29.33195592
322,경기,비사업용,승용차 일반형,휘발유,19.79407616
323,경남,비사업용,승용차 일반형,휘발유,7.846361186
324,경기,비사업용,승용차 일반형,휘발유,13.32853899
325,경기,비사업용,승용차 일반형,휘발유,24.39664804
326,광주,비사업용,승용차 일반형,휘발유,10.23863636
327,서울,비사업용,승용차 일반형,휘발유,5.804318489
328,서울,비사업용,승용차 일반형,휘발유,11.42954856
329,인천,비사업용,승용차 일반형,휘발유,10.30601093
330,서울,비사업용,승용차 일반형,휘발유,11.96866485
331,서울,비사업용,승용차 일반형,휘발유,10.46666667
332,울산,비사업용,승용차 일반형,휘발유,10.01091405
333,부산,비사업용,승용차 일반형,휘발유,7.484927916
334,인천,비사업용,승용차 일반형,휘발유,9.83
335,전북,비사업용,승용차 일반형,휘발유,42.35873159
336,경기,비사업용,승용차 일반형,휘발유,2.927475593
337,광주,비사업용,승용차 일반형,휘발유,10.58196721
338,경북,비사업용,승용차 다목적형,휘발유,12.23429319
339,충북,비사업용,승용차 다목적형,휘발유,13.95467033
340,대구,비사업용,승용차 다목적형,LPG,26.16380449
341,대구,비사업용,승용차 다목적형,휘발유,20.02814339
342,서울,비사업용,승용차 다목적형,휘발유,23.68293217
343,서울,비사업용,승용차 다목적형,휘발유,32.18128208
344,강원,비사업용,승용차 다목적형,휘발유,18.99603175
345,충북,비사업용,승용차 다목적형,휘발유,6.641873278
346,전남,비사업용,승용차 다목적형,휘발유,8.115384615
347,경북,비사업용,승용차 다목적형,휘발유,11.72585227
348,경기,비사업용,승용차 다목적형,휘발유,12.77899045
349,경기,비사업용,승용차 다목적형,휘발유,6.791666667
350,경기,비사업용,승용차 다목적형,휘발유,9.528552457
351,부산,비사업용,승용차 다목적형,휘발유,8.718666667
352,인천,비사업용,승용차 다목적형,휘발유,20.58266667
353,충북,비사업용,승용차 다목적형,휘발유,13.04619565
354,경기,비사업용,승용차 다목적형,휘발유,9.8395574
355,대구,비사업용,승용차 다목적형,휘발유,16.78988327
356,대구,비사업용,승용차 다목적형,휘발유,12.0452469
357,서울,비사업용,승용차 다목적형,휘발유,10.22386059
358,경기,비사업용,승용차 다목적형,휘발유,25.3203125
359,대구,비사업용,승용차 다목적형,휘발유,9.429539295
360,경기,비사업용,승용차 다목적형,휘발유,19.74299635
361,경기,비사업용,승용차 다목적형,휘발유,9.997361478
362,경기,비사업용,승용차 다목적형,휘발유,30.44661458
363,서울,비사업용,승용차 다목적형,휘발유,17.30464481
364,서울,비사업용,승용차 다목적형,휘발유,38.09415121
365,경기,비사업용,승용차 다목적형,휘발유,14.85209424
366,경북,비사업용,승용차 다목적형,휘발유,28.84872933
367,경기,비사업용,승용차 다목적형,휘발유,18.02944942
368,서울,비사업용,승용차 다목적형,휘발유,14.94133333
369,경기,비사업용,화물차 특수용도형,경유,2.551020408
370,경북,비사업용,특수차 구난형,경유,0.5
371,충남,비사업용,승용차 기타형,휘발유,8.365013774
372,서울,비사업용,승용차 일반형,휘발유,11.14097497
373,경기,비사업용,승용차 일반형,휘발유,10.71524064
374,강원,비사업용,승용차 일반형,휘발유,17.80737705
375,서울,비사업용,승용차 일반형,휘발유,13.27285319
376,제주,비사업용,승용차 일반형,휘발유,7.836107554
377,충남,비사업용,승용차 일반형,휘발유,15.49173554
378,서울,비사업용,승용차 일반형,휘발유,6.136300417
379,서울,비사업용,승용차 일반형,휘발유,14.47759283
380,경기,비사업용,승용차 일반형,휘발유,35.84478022
381,서울,비사업용,승용차 일반형,휘발유,13.14819945
382,대구,비사업용,승용차 일반형,휘발유,10.42597765
383,서울,비사업용,승용차 일반형,휘발유,28.2108452
384,서울,비사업용,승용차 일반형,휘발유,31.13342318
385,경기,비사업용,승용차 다목적형,휘발유,18.16088766
386,강원,비사업용,화물차 특수용도형,경유,0.135734072
387,서울,비사업용,특수차 견인형,경유,5.098214286
388,서울,비사업용,특수차 견인형,경유,5.95412844
389,충남,비사업용,특수차 특수작업형,경유,0.324468085
390,서울,비사업용,승용차 일반형,휘발유,8.209141274
391,인천,비사업용,승용차 일반형,휘발유,86.4962406
392,부산,비사업용,승용차 일반형,휘발유,29.01574803
393,대구,비사업용,승용차 일반형,휘발유,11.54098361
394,경기,비사업용,승용차 일반형,휘발유,17.66387727
395,대구,비사업용,승용차 일반형,휘발유,15.53966517
396,경기,비사업용,승용차 일반형,휘발유,15.62154696
397,부산,비사업용,승용차 일반형,휘발유,10.99315068
398,부산,비사업용,승용차 일반형,휘발유,33.69972826
399,경기,비사업용,승용차 일반형,휘발유,41.83866667
400,경기,비사업용,승용차 일반형,휘발유,8.42722372
401,경기,비사업용,승용차 일반형,휘발유,10.82245431
402,경기,비사업용,승용차 일반형,휘발유,12.73407202
403,경기,비사업용,승용차 일반형,휘발유,17.74266108
404,서울,비사업용,승용차 일반형,휘발유,11.18793829
405,서울,비사업용,승용차 일반형,휘발유,10.76131687
406,경기,비사업용,승용차 일반형,휘발유,36.13660477
407,경기,비사업용,승용차 일반형,휘발유,17.63138523
408,경기,비사업용,승용차 일반형,휘발유,41.24686717
409,전남,비사업용,승용차 일반형,휘발유,40.08005249
410,광주,비사업용,승용차 일반형,휘발유,30.01560826
411,충북,비사업용,승용차 일반형,휘발유,12.24932249
412,경기,비사업용,승용차 일반형,휘발유,15.66981737
413,서울,비사업용,승용차 다목적형,휘발유,18.92582418
414,서울,비사업용,승합차 일반형,LPG,2.67768595
415,서울,비사업용,특수차 견인형,경유,1.197831978
416,경북,비사업용,승용차 일반형,기타,21.17670683
417,서울,비사업용,승용차 일반형,휘발유,30.13245033
418,부산,비사업용,승용차 일반형,휘발유,20.63090677
419,서울,비사업용,승용차 일반형,휘발유,31.41045752
420,서울,비사업용,승용차 일반형,휘발유,17.49103943
421,서울,비사업용,승용차 일반형,휘발유,14.01997337
422,경기,비사업용,승용차 일반형,휘발유,29.04293629
423,서울,비사업용,승용차 일반형,휘발유,19.05331599
424,강원,비사업용,승용차 일반형,휘발유,16.19350474
425,경기,비사업용,승용차 일반형,휘발유,17.12352168
426,경기,비사업용,승용차 일반형,휘발유,25.15761589
427,경기,비사업용,승용차 일반형,휘발유,15.68162084
428,경기,비사업용,승용차 일반형,휘발유,12.49690384
429,서울,비사업용,승용차 일반형,휘발유,18.99065863
430,인천,비사업용,승용차 일반형,휘발유,15.81107955
431,경기,비사업용,승용차 일반형,휘발유,24.40053763
432,경기,비사업용,승용차 일반형,휘발유,28.75448748
433,서울,비사업용,승용차 일반형,휘발유,20.70816044
434,인천,비사업용,승용차 일반형,휘발유,17.72074468
435,서울,비사업용,승용차 일반형,휘발유,47.5560166
436,강원,비사업용,승용차 일반형,휘발유,16.20956399
437,경기,비사업용,승용차 일반형,휘발유,22.92022008
438,서울,비사업용,승용차 일반형,휘발유,15.50140056
439,경북,비사업용,승용차 일반형,휘발유,8.449567723
440,경기,비사업용,승용차 일반형,휘발유,6.790513834
441,경남,비사업용,승용차 일반형,휘발유,15.84463277
442,서울,비사업용,승용차 일반형,휘발유,18.04390244
443,울산,비사업용,승용차 일반형,휘발유,27.29879061
444,강원,비사업용,승용차 일반형,휘발유,16.70804928
445,경기,비사업용,승용차 일반형,휘발유,25.0782726
446,서울,비사업용,승용차 일반형,휘발유,8.532894737
447,인천,비사업용,승용차 일반형,휘발유,32.32878412
448,경남,비사업용,승용차 일반형,휘발유,9.335837303
449,서울,비사업용,승용차 일반형,휘발유,13.73342355
450,전북,비사업용,승용차 일반형,휘발유,27.38873995
451,서울,비사업용,승용차 일반형,휘발유,12.64435696
452,부산,비사업용,승용차 일반형,휘발유,6.952745849
453,충북,비사업용,승용차 일반형,휘발유,30.17991632
454,전남,비사업용,승용차 일반형,휘발유,9.262937063
455,인천,비사업용,승용차 일반형,휘발유,13.80142857
456,경기,비사업용,승용차 일반형,휘발유,64.47774869
457,부산,비사업용,승용차 일반형,휘발유,8.157318741
458,대구,비사업용,승용차 일반형,휘발유,20.00659631
459,서울,비사업용,승용차 일반형,휘발유,6.545576408
460,서울,비사업용,승용차 일반형,휘발유,24.81697613
461,경기,비사업용,승용차 일반형,휘발유,12.02136752
462,서울,비사업용,승용차 일반형,휘발유,17.99734043
463,서울,비사업용,승용차 일반형,휘발유,26.14689266
464,서울,비사업용,승용차 일반형,휘발유,6.773560209
465,경기,비사업용,승용차 일반형,휘발유,7.333800842
466,경기,비사업용,승용차 일반형,휘발유,16.29054054
467,서울,비사업용,승용차 일반형,휘발유,7.458755427
468,경북,비사업용,승용차 일반형,휘발유,29.65601326
469,서울,비사업용,승용차 일반형,휘발유,10.35904255
470,강원,비사업용,승용차 일반형,휘발유,15.05255682
471,경기,비사업용,승용차 일반형,휘발유,21.02008032
472,충남,비사업용,승용차 일반형,휘발유,34.12121212
473,대구,비사업용,승용차 일반형,휘발유,8.761776581
474,경기,비사업용,승용차 일반형,휘발유,30.50672166
475,충북,비사업용,승용차 일반형,휘발유,18.34045584
476,서울,비사업용,승용차 일반형,휘발유,14.06584362
477,인천,비사업용,승합차 일반형,휘발유,27.64541833
478,경기,비사업용,승합차 특수용도형,휘발유,16.3265896
479,경기,비사업용,승합차 특수용도형,휘발유,2.788571429
480,경기,비사업용,승합차 특수용도형,휘발유,1.387533875
481,강원,비사업용,화물차 특수용도형,경유,0.257452575
482,대구,비사업용,특수차 특수작업형,경유,9.328125
483,충남,비사업용,특수차 특수작업형,경유,1.683615819
484,충남,비사업용,특수차 특수작업형,경유,7.677777778
485,충남,비사업용,특수차 특수작업형,경유,0.78968254
486,경북,비사업용,승용차 일반형,휘발유,8.683060109
487,경기,비사업용,승용차 일반형,휘발유,10.14782609
488,경기,비사업용,승용차 일반형,휘발유,24.60294118
489,서울,비사업용,승용차 일반형,휘발유,42.55783784
490,서울,비사업용,승용차 일반형,휘발유,24.09307876
491,서울,비사업용,승용차 일반형,휘발유,22.1824417
492,서울,비사업용,승용차 일반형,휘발유,12.38554217
493,강원,비사업용,승용차 일반형,휘발유,23.77989822
494,대구,비사업용,승용차 일반형,휘발유,32.09560166
495,강원,비사업용,승용차 일반형,휘발유,23.24124514
496,경기,비사업용,승용차 일반형,휘발유,32.32681802
497,경남,비사업용,승용차 일반형,휘발유,14.01731025
498,경기,비사업용,승용차 일반형,휘발유,6.12292801
499,경기,비사업용,승용차 일반형,휘발유,17.40963855
500,대전,비사업용,승용차 일반형,휘발유,12.3974359
501,경기,비사업용,승용차 일반형,휘발유,6.363636364
502,서울,비사업용,승용차 일반형,휘발유,12.96551724
503,서울,비사업용,승용차 일반형,휘발유,18.45098039
504,부산,비사업용,승용차 일반형,휘발유,26.2422611
505,전남,비사업용,승용차 일반형,경유,50.93644068
506,서울,비사업용,승용차 일반형,휘발유,45.73255814
507,경기,비사업용,승용차 일반형,휘발유,7.800236407
508,서울,비사업용,승용차 일반형,휘발유,21.33344188
509,충북,비사업용,승용차 일반형,휘발유,12.53751705
510,전북,비사업용,승용차 일반형,LPG,30.64265928
511,강원,비사업용,화물차 특수용도형,경유,52.93154762
512,경기,비사업용,화물차 특수용도형,경유,0.785425101
513,충남,비사업용,화물차 특수용도형,경유,7.095238095
514,전남,비사업용,화물차 특수용도형,경유,60.25606469
515,인천,사업용,화물차 특수용도형,경유,24.85875706
516,서울,사업용,화물차 특수용도형,경유,40.59945504
517,서울,비사업용,특수차 견인형,경유,6.404255319
518,서울,비사업용,특수차 견인형,경유,6.37037037
519,서울,비사업용,특수차 견인형,경유,0.717808219
520,서울,비사업용,승용차 일반형,휘발유,8.413132695
521,경기,비사업용,승용차 일반형,휘발유,8.665734266
522,경기,비사업용,승용차 일반형,휘발유,17.69220246
523,서울,비사업용,승용차 일반형,휘발유,7.642857143
524,경기,비사업용,승용차 일반형,휘발유,38.07250342
525,서울,비사업용,승용차 일반형,휘발유,6.36827957
526,충북,비사업용,승용차 일반형,휘발유,8.71473029
527,경기,비사업용,승용차 일반형,휘발유,5.836195509
528,서울,비사업용,승용차 일반형,기타,70.22207084
529,경남,비사업용,승용차 일반형,휘발유,34.59481583
530,서울,비사업용,승용차 일반형,휘발유,9.044260028
531,서울,비사업용,승용차 일반형,휘발유,20.29380054
532,서울,비사업용,승용차 일반형,휘발유,11.67121419
533,서울,비사업용,승용차 일반형,휘발유,27.50545263
534,서울,비사업용,승용차 일반형,휘발유,7.139410188
535,서울,비사업용,승용차 일반형,휘발유,9.818059299
536,서울,비사업용,승용차 일반형,휘발유,9.123505976
537,광주,비사업용,승용차 일반형,휘발유,24.34682861
538,서울,비사업용,승용차 일반형,휘발유,22.67011834
539,서울,비사업용,승용차 일반형,휘발유,16.74555404
540,경기,비사업용,승용차 일반형,휘발유,17.6263587
541,부산,비사업용,승용차 일반형,휘발유,64.62516383
542,경기,비사업용,승용차 일반형,휘발유,17.15646259
543,부산,비사업용,승용차 일반형,휘발유,11.71299871
544,서울,비사업용,승용차 일반형,휘발유,30.96839444
545,서울,비사업용,승용차 일반형,휘발유,28.61197917
546,서울,비사업용,승용차 일반형,휘발유,26.2172361
547,제주,비사업용,승용차 일반형,휘발유,6.434599156
548,경북,비사업용,승용차 일반형,휘발유,24.99001427
549,경북,비사업용,승용차 일반형,휘발유,10.72655218
550,충남,비사업용,승용차 일반형,휘발유,54.3170068
551,충남,비사업용,승용차 일반형,휘발유,14.13055556
552,인천,비사업용,승용차 일반형,휘발유,20.05826558
553,서울,비사업용,승용차 일반형,휘발유,8.200808625
554,서울,비사업용,승용차 일반형,휘발유,17.02335165
555,서울,비사업용,승용차 일반형,휘발유,34.80854016
556,인천,비사업용,승용차 일반형,휘발유,8.287598945
557,서울,비사업용,승용차 일반형,휘발유,38.59414697
558,경남,비사업용,승용차 일반형,휘발유,48.16163829
559,경기,비사업용,승용차 일반형,휘발유,38.26538988
560,서울,비사업용,승용차 일반형,휘발유,37.00832639
561,서울,비사업용,승용차 일반형,휘발유,20.85764623
562,경기,비사업용,승용차 일반형,휘발유,19.92827586
563,서울,비사업용,승용차 일반형,휘발유,12.61316872
564,경기,비사업용,승용차 일반형,휘발유,19.25933646
565,부산,비사업용,승용차 다목적형,휘발유,30.72160393
566,강원,비사업용,화물차 특수용도형,경유,0.47107438
567,인천,비사업용,화물차 특수용도형,경유,1.113043478
568,경기,비사업용,화물차 특수용도형,경유,0.17791411
569,인천,비사업용,화물차 특수용도형,경유,0.92746114
570,서울,비사업용,승용차 일반형,휘발유,16.99935733
571,대구,비사업용,승용차 일반형,휘발유,16.07436919
572,부산,비사업용,승용차 일반형,휘발유,42.88895907
573,서울,비사업용,승용차 일반형,휘발유,8.640957447
574,대전,비사업용,승용차 일반형,휘발유,50.31931669
575,전북,비사업용,승용차 일반형,휘발유,8.57260274
576,경기,비사업용,승용차 일반형,휘발유,46.50340136
577,경기,비사업용,승용차 일반형,휘발유,5.771345876
578,서울,비사업용,승용차 일반형,휘발유,32.12005457
579,부산,비사업용,승용차 일반형,휘발유,5.846258503
580,서울,비사업용,승용차 일반형,휘발유,10.15664336
581,대구,비사업용,승용차 일반형,휘발유,9.498659517
582,경북,비사업용,승용차 일반형,휘발유,7.31387808
583,강원,비사업용,승용차 일반형,휘발유,17.22720898
584,경기,비사업용,승용차 일반형,휘발유,9.311018131
585,서울,비사업용,승용차 일반형,휘발유,15.74969916
586,경기,비사업용,승용차 일반형,휘발유,40.55916169
587,경기,비사업용,승용차 일반형,휘발유,12.60852197
588,전북,비사업용,승용차 일반형,휘발유,37.17808219
589,서울,비사업용,승용차 일반형,휘발유,8.805442177
590,경기,비사업용,승용차 일반형,휘발유,18.48885794
591,경기,비사업용,승용차 일반형,휘발유,8.256164384
592,서울,비사업용,승용차 일반형,휘발유,7.974043716
593,서울,비사업용,승용차 일반형,휘발유,18.94426952
594,충남,비사업용,승용차 일반형,휘발유,6.305630027
595,대구,비사업용,승용차 일반형,휘발유,22.12083333
596,경기,비사업용,승용차 일반형,휘발유,18.53566622
597,경기,비사업용,승용차 일반형,휘발유,41.65768194
598,부산,비사업용,승용차 일반형,휘발유,18.27534247
599,울산,비사업용,승용차 일반형,휘발유,22.24344023
600,경기,비사업용,승용차 일반형,휘발유,7.603305785
601,서울,비사업용,승용차 일반형,휘발유,29.90958904
602,경기,비사업용,승용차 일반형,휘발유,50.25244073
603,경기,비사업용,승용차 일반형,휘발유,48.1852861
604,경기,비사업용,화물차 특수용도형,경유,3.825842697
605,전남,비사업용,화물차 특수용도형,경유,2.148337596
606,경기,비사업용,화물차 특수용도형,경유,1.434666667
607,전북,비사업용,승용차 일반형,휘발유,21.32073171
608,광주,비사업용,승용차 일반형,휘발유,25.67889908
609,서울,비사업용,승용차 일반형,휘발유,16.28497409
610,경남,비사업용,승용차 일반형,휘발유,19.86068833
611,충남,비사업용,승용차 일반형,휘발유,33.09920417
612,서울,비사업용,승용차 일반형,휘발유,27.31496649
613,서울,비사업용,승용차 일반형,휘발유,29.81392045
614,경기,비사업용,승용차 일반형,휘발유,24.68002524
615,서울,비사업용,승용차 일반형,휘발유,24.39544808
616,서울,비사업용,승용차 일반형,휘발유,14.05277778
617,전북,비사업용,승용차 일반형,휘발유,33.0253641
618,경기,비사업용,승용차 일반형,휘발유,21.98680739
619,경기,비사업용,승용차 일반형,휘발유,23.78180301
620,서울,비사업용,승용차 일반형,휘발유,7.31185567
621,전북,비사업용,승용차 일반형,휘발유,45.87568306
622,서울,비사업용,승용차 일반형,휘발유,55.32944606
623,경북,비사업용,승합차 특수용도형,경유,2.583333333
624,경남,비사업용,승합차 특수용도형,경유,1.863270777
625,부산,사업용,특수차 견인형,경유,232.1955923
626,경기,사업용,특수차 견인형,경유,159.324159
627,부산,사업용,특수차 견인형,경유,214.7628866
628,인천,사업용,특수차 견인형,경유,96.07062147
629,인천,사업용,특수차 견인형,경유,147.7120823
630,경기,비사업용,승용차 일반형,휘발유,24.99184783
631,전북,사업용,특수차 구난형,경유,2.724565757
632,경북,사업용,특수차 구난형,경유,11.7664042
633,경북,비사업용,특수차 구난형,경유,5.983425414
634,경기,비사업용,화물차 일반형,LPG,2.8625
635,광주,비사업용,승용차 다목적형,휘발유,78.68230563
636,서울,비사업용,화물차 일반형,경유,9.175675676
637,경남,비사업용,승용차 다목적형,경유,35.0207824
638,충북,비사업용,화물차 특수용도형,경유,0.109090909
639,경북,비사업용,특수차 특수작업형,경유,0.795640327
640,경남,사업용,특수차 구난형,경유,7.497252747
641,경기,비사업용,화물차 일반형,경유,115.2442748
642,경기,비사업용,화물차 일반형,경유,4.557692308
643,대전,비사업용,화물차 특수용도형,휘발유,4.176470588
644,부산,비사업용,화물차 특수용도형,휘발유,1.099431818
645,대전,비사업용,화물차 특수용도형,휘발유,1.62992126
646,대구,비사업용,승용차 일반형,휘발유,17.16489362
647,경기,비사업용,승용차 일반형,휘발유,41.43982252
648,충남,비사업용,승용차 일반형,휘발유,16.01373626
649,인천,비사업용,승용차 일반형,휘발유,22.35116598
650,경기,비사업용,승용차 일반형,휘발유,12.23848238
651,서울,비사업용,승용차 일반형,휘발유,12.73458445
652,경기,비사업용,승용차 일반형,휘발유,15.78071334
653,경기,비사업용,승용차 일반형,휘발유,24.15364583
654,서울,비사업용,승용차 일반형,휘발유,19.00404313
655,서울,비사업용,승용차 일반형,휘발유,39.74833555
656,경기,비사업용,승용차 일반형,휘발유,61.41192788
657,서울,비사업용,승용차 일반형,휘발유,20.4972973
658,서울,비사업용,승용차 일반형,휘발유,10.01771117
659,서울,비사업용,승용차 일반형,휘발유,80.31284153
660,경기,비사업용,승용차 일반형,휘발유,49.48344371
661,경기,비사업용,승용차 일반형,휘발유,47.55342466
662,인천,비사업용,승용차 일반형,휘발유,37.02663116
663,대구,비사업용,승용차 일반형,휘발유,34.53217158
664,경기,비사업용,승용차 일반형,휘발유,25.05080935
665,경기,비사업용,승용차 일반형,휘발유,15.6128591
666,대전,비사업용,승용차 일반형,휘발유,24.45013477
667,서울,비사업용,승용차 일반형,휘발유,12.71008403
668,경남,비사업용,승용차 일반형,휘발유,33.80446927
669,서울,비사업용,승용차 일반형,휘발유,63.93386243
670,경남,비사업용,승용차 다목적형,휘발유,33.07230559
671,인천,비사업용,승용차 일반형,휘발유,36.24965517
672,경기,비사업용,승용차 일반형,휘발유,30.64276569
673,부산,비사업용,승용차 일반형,휘발유,9.993150685
674,서울,비사업용,승용차 일반형,휘발유,7.375328084
675,서울,비사업용,승용차 일반형,휘발유,32.45124541
676,부산,비사업용,승용차 일반형,휘발유,5.962237762
677,서울,비사업용,승용차 일반형,휘발유,43.49530201
678,전북,비사업용,승용차 일반형,휘발유,39.12164074
679,서울,비사업용,승용차 일반형,휘발유,12.25274725
680,서울,비사업용,승용차 일반형,휘발유,23.51680672
681,충남,비사업용,승용차 일반형,휘발유,27.70251397
682,경기,비사업용,승용차 일반형,휘발유,53.06139154
683,경기,비사업용,승용차 일반형,휘발유,23.56449376
684,서울,비사업용,승용차 일반형,휘발유,22.85298197
685,서울,비사업용,승용차 일반형,휘발유,45.45064378
686,세종,비사업용,승용차 일반형,휘발유,39.9501385
687,경기,비사업용,승용차 일반형,휘발유,35.42816092
688,경기,비사업용,승용차 일반형,휘발유,29.29532967
689,경기,비사업용,승용차 일반형,휘발유,9.490463215
690,서울,비사업용,승용차 일반형,휘발유,24.94693878
691,서울,비사업용,승용차 일반형,휘발유,7.804676754
692,서울,비사업용,승용차 일반형,휘발유,14.83736559
693,경기,비사업용,승용차 일반형,휘발유,39.74206897
694,경기,비사업용,승용차 일반형,휘발유,69.03136763
695,대구,비사업용,승용차 일반형,휘발유,48.34672021
696,부산,비사업용,승용차 일반형,휘발유,26.05861665
697,서울,비사업용,승용차 일반형,휘발유,18.4895288
698,서울,비사업용,승용차 일반형,휘발유,13.10612245
699,경기,비사업용,승용차 일반형,휘발유,66.13387978
700,충북,비사업용,승용차 일반형,휘발유,22.09536424
701,경기,비사업용,승용차 일반형,휘발유,22.84666667
702,경기,비사업용,승용차 일반형,휘발유,46.03888889
703,경기,비사업용,승용차 일반형,휘발유,40.74485597
704,서울,비사업용,승용차 일반형,휘발유,11.03871829
705,서울,비사업용,승용차 일반형,휘발유,26.0599455
706,서울,비사업용,승용차 일반형,휘발유,27.69872702
707,서울,비사업용,승용차 일반형,휘발유,14.06911142
708,광주,비사업용,승용차 일반형,휘발유,35.8731444
709,경기,비사업용,승용차 일반형,휘발유,32.49108368
710,경기,비사업용,승용차 일반형,휘발유,48.89943343
711,경기,비사업용,승용차 일반형,휘발유,18.37756498
712,서울,비사업용,승용차 일반형,휘발유,28.70262794
713,충북,비사업용,승용차 일반형,휘발유,70.15864759
714,충북,비사업용,승용차 일반형,휘발유,50.77593361
715,경기,비사업용,승용차 일반형,휘발유,32.79470199
716,서울,비사업용,승용차 일반형,휘발유,19.97606383
717,제주,비사업용,승용차 일반형,휘발유,10.78482759
718,경기,비사업용,승용차 일반형,휘발유,38.79108635
719,인천,비사업용,승용차 일반형,휘발유,23.32098765
720,경기,비사업용,승용차 일반형,휘발유,15.24538259
721,경북,비사업용,승용차 일반형,휘발유,76.70954357
722,대구,비사업용,승용차 일반형,휘발유,53.18413978
723,경기,비사업용,승용차 일반형,휘발유,32.36221591
724,경기,비사업용,승용차 일반형,휘발유,21.41644205
725,대구,비사업용,승용차 일반형,휘발유,37.61705007
726,인천,비사업용,승용차 일반형,휘발유,44.43401361
727,충남,비사업용,승용차 일반형,휘발유,42.0698324
728,대구,비사업용,승용차 일반형,휘발유,43.17852349
729,경기,비사업용,승용차 일반형,휘발유,49.9973262
730,강원,비사업용,승용차 일반형,휘발유,7.485436893
731,서울,비사업용,승용차 일반형,휘발유,20.06224066
732,서울,비사업용,승용차 일반형,휘발유,35.42154255
733,서울,비사업용,승용차 일반형,휘발유,16.61923584
734,경남,비사업용,승용차 일반형,휘발유,33.01744966
735,경북,비사업용,승용차 일반형,휘발유,42.04755245
736,경기,비사업용,승용차 일반형,휘발유,15.8960114
737,대전,비사업용,승용차 일반형,휘발유,36.96052632
738,서울,비사업용,승용차 일반형,휘발유,36.12250333
739,서울,비사업용,승용차 일반형,휘발유,12.22119205
740,서울,비사업용,승용차 일반형,휘발유,62.51001335
741,서울,비사업용,승용차 일반형,휘발유,7.714864865
742,서울,비사업용,승용차 일반형,휘발유,13.247851
743,경기,비사업용,승용차 일반형,휘발유,56.54698457
744,경기,비사업용,승용차 일반형,휘발유,27.40616622
745,제주,비사업용,승용차 일반형,휘발유,40.06122449
746,경기,비사업용,승용차 일반형,휘발유,15.06518724
747,경기,비사업용,승용차 일반형,휘발유,21.75589459
748,서울,비사업용,승용차 일반형,휘발유,27.19198895
749,경기,비사업용,승용차 일반형,휘발유,16.13506139
750,경남,비사업용,승용차 일반형,휘발유,52.84471218
751,서울,비사업용,승용차 일반형,휘발유,18.40482955
752,경기,비사업용,승용차 일반형,휘발유,41.95861148
753,울산,비사업용,승용차 일반형,휘발유,37.14379085
754,울산,비사업용,승용차 일반형,휘발유,58.29238985
755,부산,비사업용,승용차 일반형,휘발유,30.50681199
756,부산,비사업용,승용차 일반형,휘발유,30.24828532
757,부산,비사업용,승용차 일반형,휘발유,13.8557423
758,경기,비사업용,승용차 일반형,휘발유,52.05834464
759,대구,비사업용,승용차 일반형,휘발유,27.70861833
760,부산,비사업용,승용차 일반형,휘발유,17.44382802
761,대전,비사업용,승용차 일반형,휘발유,38.46393211
762,인천,비사업용,승용차 일반형,휘발유,19.73841962
763,경기,비사업용,승용차 일반형,휘발유,37.03009576
764,경기,비사업용,승용차 일반형,휘발유,80.95658073
765,부산,비사업용,승용차 일반형,휘발유,23.9025788
766,대구,비사업용,승용차 일반형,휘발유,36.34491979
767,경기,비사업용,승용차 일반형,휘발유,39.41015089
768,부산,비사업용,승용차 일반형,휘발유,39.47717842
769,부산,비사업용,승용차 일반형,휘발유,29.70467033
770,경기,비사업용,승용차 일반형,휘발유,36.5625
771,경기,비사업용,승용차 일반형,휘발유,46.34313725
772,대구,비사업용,승용차 일반형,휘발유,14.31994645
773,광주,비사업용,승용차 일반형,휘발유,51.60803324
774,경기,비사업용,승용차 일반형,휘발유,51.90068027
775,경기,비사업용,승용차 일반형,휘발유,14.04118404
776,서울,비사업용,승용차 일반형,휘발유,12.76236264
777,대전,비사업용,승용차 일반형,휘발유,36.66534914
778,광주,비사업용,승용차 일반형,휘발유,20.57588076
779,경기,비사업용,승용차 일반형,휘발유,26.94075145
780,경기,비사업용,승용차 일반형,휘발유,7.805107527
781,서울,비사업용,승용차 일반형,휘발유,22.47459893
782,서울,비사업용,승용차 일반형,휘발유,17.61134163
783,경남,비사업용,승용차 일반형,휘발유,48.55915493
784,경기,비사업용,승용차 일반형,휘발유,32.5869281
785,대전,비사업용,승용차 일반형,휘발유,17.67197875
786,서울,비사업용,승용차 일반형,휘발유,59.26027397
787,경남,비사업용,승용차 일반형,휘발유,36.59827834
788,서울,비사업용,승용차 일반형,휘발유,11.30458971
789,경기,비사업용,승용차 일반형,휘발유,56.08625337
790,경남,비사업용,승용차 일반형,휘발유,13.41374663
791,서울,비사업용,승용차 일반형,휘발유,15.52924791
792,부산,비사업용,승용차 일반형,휘발유,33.64780764
793,경기,비사업용,승용차 일반형,휘발유,34.16713881
794,서울,비사업용,승용차 일반형,휘발유,76.46840659
795,서울,비사업용,승용차 일반형,휘발유,17.14496644
796,서울,비사업용,승용차 일반형,휘발유,16.23770492
797,경기,비사업용,승용차 일반형,휘발유,16.3954727
798,부산,비사업용,승용차 일반형,휘발유,14.36522911
799,부산,비사업용,승용차 일반형,휘발유,34.93947368
800,경기,비사업용,승용차 일반형,휘발유,44.18245125
801,충북,비사업용,승용차 일반형,휘발유,40.90331492
802,대전,비사업용,승용차 일반형,휘발유,20.77278912
803,전북,비사업용,승용차 일반형,휘발유,9.601388889
804,인천,비사업용,승용차 일반형,휘발유,31.69795918
805,광주,비사업용,승용차 일반형,휘발유,40.11748999
806,서울,비사업용,승용차 일반형,휘발유,29.16666667
807,서울,비사업용,승용차 일반형,휘발유,19.67803547
808,제주,비사업용,승용차 일반형,휘발유,78.06317204
809,경북,비사업용,승용차 일반형,휘발유,38.86332882
810,경북,비사업용,승용차 일반형,휘발유,64.89480692
811,서울,비사업용,승용차 일반형,휘발유,52.77472527
812,경기,비사업용,승용차 일반형,휘발유,38.31633987
813,부산,비사업용,승용차 일반형,휘발유,31.61752988
814,부산,비사업용,승용차 일반형,휘발유,28.53715776
815,부산,비사업용,승용차 일반형,휘발유,9.139410188
816,경북,비사업용,승용차 일반형,휘발유,58.35818908
817,광주,비사업용,승용차 일반형,휘발유,30.42411348
818,경기,비사업용,승용차 일반형,휘발유,28.87119114
819,경기,비사업용,승용차 일반형,휘발유,42.05045278
820,부산,비사업용,승용차 일반형,휘발유,6.827260459
821,대전,비사업용,승용차 일반형,휘발유,45.22357724
822,대구,비사업용,승용차 일반형,휘발유,61.82246133
823,경기,비사업용,승용차 일반형,휘발유,16.49496982
824,경기,비사업용,승용차 일반형,휘발유,12.82862903
825,대구,비사업용,승용차 일반형,휘발유,37.39538043
826,경기,비사업용,승용차 일반형,휘발유,18.28668942
827,경기,비사업용,승용차 일반형,휘발유,43.33539945
828,부산,비사업용,승용차 일반형,휘발유,28.81375167
829,광주,비사업용,승용차 일반형,휘발유,71.90174531
830,광주,비사업용,승용차 일반형,휘발유,10.56545961
831,인천,비사업용,승용차 일반형,휘발유,24.87936943
832,서울,비사업용,승용차 일반형,휘발유,12.89895897
833,부산,비사업용,승용차 일반형,휘발유,20.35342466
834,서울,비사업용,승용차 일반형,휘발유,28.9185336
835,인천,비사업용,승용차 일반형,휘발유,15.87942779
836,서울,비사업용,승용차 일반형,휘발유,9.289164941
837,서울,비사업용,승용차 일반형,휘발유,14.78537894
838,경기,비사업용,승용차 일반형,휘발유,18.82312457
839,경기,비사업용,승용차 일반형,휘발유,21.43317341
840,충북,비사업용,승용차 일반형,휘발유,30.31499312
841,대전,비사업용,승용차 일반형,휘발유,56.01039501
842,광주,비사업용,승용차 일반형,휘발유,7.475928473
843,인천,비사업용,승용차 일반형,휘발유,27.96967963
844,경기,비사업용,승용차 일반형,휘발유,48.10963687
845,인천,비사업용,승용차 일반형,휘발유,48.59538357
846,충북,비사업용,승용차 일반형,휘발유,54.31875
847,부산,비사업용,승용차 일반형,휘발유,9.589371981
848,서울,비사업용,승용차 일반형,휘발유,18.54656696
849,세종,비사업용,승용차 일반형,휘발유,13.71777476
850,충북,비사업용,승용차 일반형,휘발유,40.53963839
851,경기,비사업용,승용차 일반형,휘발유,34.84304318
852,서울,비사업용,승용차 일반형,휘발유,16.83436853
853,경기,비사업용,승용차 일반형,휘발유,13.19086571
854,부산,비사업용,승용차 일반형,휘발유,42.55517241
855,서울,비사업용,승용차 일반형,휘발유,15.70355191
856,부산,비사업용,승용차 일반형,휘발유,34.65498282
857,부산,비사업용,승용차 일반형,휘발유,26.22245179
858,부산,비사업용,승용차 일반형,휘발유,48.00138793
859,서울,비사업용,승용차 일반형,휘발유,36.41828255
860,경기,비사업용,승용차 일반형,휘발유,35.81496881
861,경기,비사업용,승용차 일반형,휘발유,24.07108351
862,서울,비사업용,승용차 일반형,휘발유,16.13081591
863,서울,비사업용,승용차 일반형,휘발유,29.79653979
864,경기,비사업용,승용차 일반형,휘발유,19.04110512
865,서울,비사업용,승용차 일반형,휘발유,11.22191401
866,서울,비사업용,승용차 일반형,휘발유,32.97516779
867,광주,비사업용,승용차 일반형,휘발유,22.21481481
868,서울,비사업용,승용차 일반형,휘발유,17.76229508
869,서울,비사업용,승용차 일반형,휘발유,35.7366283
870,경북,비사업용,승용차 일반형,휘발유,23.16287095
871,광주,비사업용,승용차 일반형,휘발유,26.06593407
872,세종,비사업용,승용차 일반형,휘발유,24.87638122
873,서울,비사업용,승용차 일반형,휘발유,46.75102881
874,부산,비사업용,승용차 일반형,휘발유,15.08947006
875,부산,비사업용,승용차 일반형,휘발유,24.16849315
876,부산,비사업용,승용차 일반형,휘발유,20.62045299
877,인천,비사업용,승용차 일반형,휘발유,22.25908156
878,경기,비사업용,승용차 일반형,휘발유,67.07073509
879,전남,비사업용,승용차 일반형,휘발유,32.62839248
880,부산,비사업용,승용차 일반형,휘발유,14.17945205
881,서울,비사업용,승용차 일반형,휘발유,25.22376238
882,서울,비사업용,승용차 일반형,휘발유,73.65232011
883,경기,비사업용,승용차 일반형,휘발유,40.88292011
884,서울,비사업용,승용차 일반형,휘발유,9.193112762
885,경기,비사업용,승용차 일반형,휘발유,16.44875346
886,광주,비사업용,승용차 일반형,휘발유,23.71616022
887,부산,비사업용,승용차 일반형,휘발유,21.40934066
888,부산,비사업용,승용차 일반형,휘발유,33.8957346
889,경남,비사업용,승용차 일반형,휘발유,32.3723331
890,부산,비사업용,승용차 일반형,휘발유,17.22792608
891,경기,비사업용,승용차 일반형,휘발유,24.1344086
892,부산,비사업용,승용차 일반형,휘발유,16.51683849
893,광주,비사업용,승용차 일반형,휘발유,33.47471342
894,부산,비사업용,승용차 일반형,휘발유,35.70830426
895,전남,비사업용,승용차 일반형,휘발유,22.83435583
896,서울,비사업용,승용차 일반형,휘발유,28.88065844
897,서울,비사업용,승용차 일반형,휘발유,8.293793103
898,경기,비사업용,승용차 일반형,휘발유,16.44085282
899,부산,비사업용,승용차 일반형,휘발유,11.11717172
900,서울,비사업용,승용차 일반형,휘발유,18.44151454
901,경기,비사업용,승용차 일반형,휘발유,31.74001354
902,경기,비사업용,승용차 일반형,휘발유,26.81993127
903,경남,비사업용,승용차 일반형,휘발유,26.06473365
904,경기,비사업용,승용차 일반형,휘발유,13.87594243
905,광주,비사업용,승용차 일반형,휘발유,25.22651934
906,부산,비사업용,승용차 일반형,휘발유,21.05766621
907,서울,비사업용,승용차 일반형,휘발유,23.93617021
908,서울,비사업용,승용차 일반형,휘발유,10.53600543
909,서울,비사업용,승용차 일반형,휘발유,32.03044655
910,서울,비사업용,승용차 일반형,휘발유,23.45242984
911,대구,비사업용,승용차 일반형,휘발유,17.73886223
912,서울,비사업용,승용차 일반형,휘발유,16.01019714
913,광주,비사업용,승용차 일반형,휘발유,13.17313019
914,부산,비사업용,승용차 일반형,휘발유,13.38651994
915,부산,비사업용,승용차 일반형,휘발유,29.00339674
916,충남,비사업용,승용차 일반형,휘발유,35.4041977
917,인천,비사업용,승용차 일반형,휘발유,55.72534247
918,충남,비사업용,승용차 일반형,휘발유,20.30223124
919,대구,비사업용,승용차 일반형,휘발유,20.28865979
920,경남,비사업용,승용차 일반형,휘발유,22.7369146
921,경기,비사업용,승용차 일반형,휘발유,28.18256692
922,광주,비사업용,승용차 일반형,휘발유,31.41550279
923,경기,비사업용,승용차 일반형,휘발유,16.33058419
924,서울,비사업용,승용차 일반형,휘발유,46.37126995
925,경기,비사업용,승용차 일반형,휘발유,31.80109364
926,전북,비사업용,승용차 일반형,휘발유,24.55949896
927,서울,비사업용,승용차 일반형,휘발유,20.67691257
928,서울,비사업용,승용차 일반형,휘발유,13.15935978
929,경북,비사업용,승용차 일반형,휘발유,67.18590187
930,대전,비사업용,승용차 일반형,휘발유,15.61800819
931,광주,비사업용,승용차 일반형,휘발유,17.31475187
932,경기,비사업용,승용차 일반형,휘발유,37.30455801
933,경기,비사업용,승용차 일반형,휘발유,66.15364238
934,서울,비사업용,승용차 일반형,휘발유,15.92057292
935,제주,비사업용,승용차 일반형,휘발유,18.49003984
936,부산,비사업용,승용차 일반형,휘발유,79.12916667
937,부산,비사업용,승용차 일반형,휘발유,23.31318681
938,부산,비사업용,승용차 일반형,휘발유,12.26159794
939,경기,비사업용,승용차 일반형,휘발유,21.11576011
940,경기,비사업용,승용차 일반형,기타,15.86046512
941,부산,비사업용,승용차 일반형,기타,37.09563994
942,부산,비사업용,승용차 일반형,기타,28.6461126
943,경기,비사업용,승용차 일반형,기타,51.7661823
944,대구,비사업용,승용차 일반형,기타,28.23076923
945,대전,비사업용,승용차 일반형,기타,10.65986395
946,서울,비사업용,승용차 일반형,기타,47.32496513
947,광주,비사업용,승용차 일반형,기타,80.45280438
948,경기,비사업용,승용차 일반형,기타,46.98773842
949,경기,비사업용,승용차 일반형,기타,56.77492877
950,경기,비사업용,승용차 일반형,기타,37.13243243
951,경기,비사업용,승용차 일반형,기타,20.79656539
952,인천,비사업용,승용차 일반형,기타,28.82972973
953,경남,비사업용,승용차 일반형,기타,48.43603851
954,경기,비사업용,승용차 일반형,기타,27.38624339
955,경남,비사업용,승용차 일반형,기타,24.74965229
956,광주,비사업용,승용차 일반형,기타,32.79207921
957,전남,비사업용,승용차 일반형,기타,33.82278481
958,대전,비사업용,승용차 일반형,기타,39.32369146
959,제주,비사업용,승용차 일반형,기타,15.22830441
960,부산,비사업용,승용차 일반형,기타,30.74162011
961,경북,비사업용,승용차 일반형,기타,12.76401565
962,대구,비사업용,승용차 일반형,기타,46.34231806
963,부산,비사업용,승용차 일반형,기타,39.57832898
964,경기,비사업용,승용차 일반형,휘발유,65.76700252
965,제주,사업용,승용차 일반형,휘발유,80.37131367
966,세종,비사업용,승용차 일반형,휘발유,56.02351314
967,경남,비사업용,승용차 일반형,휘발유,18.19331395
968,서울,비사업용,승용차 일반형,휘발유,21.34251969
969,경기,비사업용,승용차 일반형,휘발유,11.50539084
970,경기,비사업용,승용차 일반형,휘발유,31.49731903
971,서울,비사업용,승용차 일반형,휘발유,25.73388203
972,서울,비사업용,승용차 일반형,휘발유,16.51447368
973,충남,비사업용,승용차 일반형,휘발유,29.03576341
974,경남,비사업용,승용차 일반형,휘발유,7.596127248
975,경기,비사업용,승용차 일반형,휘발유,37.69811321
976,제주,비사업용,승용차 일반형,휘발유,13.70242656
977,광주,비사업용,승용차 일반형,휘발유,5.584878745
978,인천,비사업용,승용차 일반형,휘발유,22.26736566
979,전남,비사업용,승용차 일반형,휘발유,66.1771978
980,경기,비사업용,승용차 일반형,휘발유,20.28690808
981,서울,비사업용,승용차 일반형,휘발유,7.949591281
982,경북,비사업용,승용차 일반형,휘발유,34.44950213
983,서울,비사업용,승용차 일반형,휘발유,21.82044199
984,경기,비사업용,승용차 일반형,휘발유,19.83751651
985,경기,비사업용,승용차 일반형,휘발유,29.85583224
986,광주,비사업용,승용차 일반형,휘발유,25.75786594
987,경북,비사업용,승용차 일반형,휘발유,24.7375
988,부산,비사업용,승용차 일반형,휘발유,17.25695364
989,경기,비사업용,승용차 일반형,휘발유,9.092664093
990,부산,비사업용,승용차 일반형,휘발유,14.0530504
991,서울,비사업용,승용차 일반형,휘발유,37.55153949
992,서울,비사업용,승용차 일반형,휘발유,35.68282548
993,경기,비사업용,승용차 일반형,휘발유,11.19402985
994,경기,비사업용,승용차 일반형,휘발유,22.16644114
995,경기,비사업용,승용차 일반형,휘발유,32.24964539
996,서울,비사업용,승용차 일반형,휘발유,13.2993007
997,전남,비사업용,승용차 일반형,휘발유,18.21964529
998,서울,비사업용,승용차 일반형,휘발유,8.260989011
999,인천,비사업용,승용차 일반형,휘발유,22.63722826
1000,서울,비사업용,승용차 일반형,휘발유,37.6683871
